day,shift_id,machine_id,machine_role,sample_id,production_units,total_hours,idle_hours,mobilisation_cost,sequencing_violations,blackout_conflicts,available_hours,utilisation_ratio,downtime_hours,downtime_events,weather_severity_total
1,S1,H1,feller_buncher,0,1220.906942,24.0,0.0,0.0,0,0,24.0,1.0,0.0,0,0.0
1,S1,H2,feller_buncher,0,1185.8830549999998,24.0,0.0,0.0,0,0,24.0,1.0,0.0,0,0.0
2,S1,H1,feller_buncher,0,1194.708925,24.0,0.0,53.24,0,0,24.0,1.0,0.0,0,0.0
2,S1,H2,feller_buncher,0,813.2038300000002,24.0,0.0,53.24,0,0,24.0,1.0,0.0,0,0.0
2,S1,H3,grapple_skidder,0,1332.369187,24.0,0.0,0.0,0,0,24.0,1.0,0.0,0,0.0
3,S1,H3,grapple_skidder,0,752.0945669999999,24.0,0.0,0.0,0,0,24.0,1.0,0.0,0,0.3
3,S1,H4,processor,0,372.3271531,24.0,0.0,0.0,0,0,24.0,1.0,0.0,0,0.3
3,S1,H5,processor,0,372.3271531,24.0,0.0,0.0,0,0,24.0,1.0,0.0,0,0.3
4,S1,H3,grapple_skidder,0,1480.641393,24.0,0.0,53.24,0,0,24.0,1.0,0.0,0,0.0
4,S1,H4,processor,0,531.895933,24.0,0.0,0.0,0,0,24.0,1.0,0.0,0,0.0
4,S1,H5,processor,0,531.895933,24.0,0.0,0.0,0,0,24.0,1.0,0.0,0,0.0
4,S1,H6,processor,0,276.0175817999998,24.0,0.0,0.0,1,0,24.0,1.0,0.0,0,0.0
4,S1,H7,loader,0,744.6543062,24.0,0.0,0.0,1,0,24.0,1.0,0.0,0,0.0
5,S1,H3,grapple_skidder,0,527.271362,24.0,0.0,0.0,0,0,24.0,1.0,0.0,0,0.0
5,S1,H4,processor,0,569.826226,24.0,0.0,53.24,0,0,24.0,1.0,0.0,0,0.0
5,S1,H5,processor,0,569.826226,24.0,0.0,53.24,0,0,24.0,1.0,0.0,0,0.0
5,S1,H7,loader,0,802.411354,24.0,0.0,0.0,0,0,24.0,1.0,0.0,0,0.0
5,S1,H8,loader,0,537.3980937999999,24.0,0.0,0.0,1,0,24.0,1.0,0.0,0,0.0
6,S1,H4,processor,0,569.826226,24.0,0.0,0.0,0,0,24.0,1.0,0.0,0,0.0
6,S1,H5,processor,0,298.434077,24.0,0.0,0.0,0,0,24.0,1.0,0.0,0,0.0
6,S1,H7,loader,0,937.184825,24.0,0.0,53.24,0,0,24.0,1.0,0.0,0,0.0
7,S1,H7,loader,0,937.184825,24.0,0.0,0.0,0,0,24.0,1.0,0.0,0,0.0
7,S1,H8,loader,0,133.54310499999997,24.0,0.0,53.24,0,0,24.0,1.0,0.0,0,0.0
1,S1,H1,feller_buncher,1,1220.906942,24.0,0.0,0.0,0,0,24.0,1.0,0.0,0,0.0
1,S1,H2,feller_buncher,1,1185.8830549999998,24.0,0.0,0.0,0,0,24.0,1.0,0.0,0,0.0
2,S1,H1,feller_buncher,1,1194.708925,24.0,0.0,53.24,0,0,24.0,1.0,0.0,0,0.0
2,S1,H2,feller_buncher,1,813.2038300000002,24.0,0.0,53.24,0,0,24.0,1.0,0.0,0,0.0
2,S1,H3,grapple_skidder,1,1332.369187,24.0,0.0,0.0,0,0,24.0,1.0,0.0,0,0.0
3,S1,H3,grapple_skidder,1,1074.4208099999998,24.0,0.0,0.0,0,0,24.0,1.0,0.0,0,0.0
3,S1,H4,processor,1,531.895933,24.0,0.0,0.0,0,0,24.0,1.0,0.0,0,0.0
3,S1,H5,processor,1,531.895933,24.0,0.0,0.0,0,0,24.0,1.0,0.0,0,0.0
4,S1,H3,grapple_skidder,1,1480.641393,24.0,0.0,53.24,0,0,24.0,1.0,0.0,0,0.0
4,S1,H4,processor,1,531.895933,24.0,0.0,0.0,0,0,24.0,1.0,0.0,0,0.0
4,S1,H5,processor,1,531.895933,24.0,0.0,0.0,0,0,24.0,1.0,0.0,0,0.0
4,S1,H6,processor,1,279.2062649999998,24.0,0.0,0.0,0,0,24.0,1.0,0.0,0,0.0
4,S1,H7,loader,1,802.411354,24.0,0.0,0.0,0,0,24.0,1.0,0.0,0,0.0
5,S1,H3,grapple_skidder,1,527.271362,24.0,0.0,0.0,0,0,24.0,1.0,0.0,0,0.0
5,S1,H4,processor,1,569.826226,24.0,0.0,53.24,0,0,24.0,1.0,0.0,0,0.0
5,S1,H5,processor,1,569.826226,24.0,0.0,53.24,0,0,24.0,1.0,0.0,0,0.0
5,S1,H7,loader,1,802.411354,24.0,0.0,0.0,0,0,24.0,1.0,0.0,0,0.0
5,S1,H8,loader,1,801.967289,24.0,0.0,0.0,0,0,24.0,1.0,0.0,0,0.0
6,S1,H4,processor,1,569.826226,24.0,0.0,0.0,0,0,24.0,1.0,0.0,0,0.0
6,S1,H5,processor,1,298.434077,24.0,0.0,0.0,0,0,24.0,1.0,0.0,0,0.0
6,S1,H7,loader,1,937.184825,24.0,0.0,53.24,0,0,24.0,1.0,0.0,0,0.0
7,S1,H7,loader,1,937.184825,24.0,0.0,0.0,0,0,24.0,1.0,0.0,0,0.0
7,S1,H8,loader,1,133.54310499999997,24.0,0.0,53.24,0,0,24.0,1.0,0.0,0,0.0
1,S1,H1,feller_buncher,2,854.6348594,24.0,0.0,0.0,0,0,24.0,1.0,0.0,0,0.3
1,S1,H2,feller_buncher,2,830.1181384999998,24.0,0.0,0.0,0,0,24.0,1.0,0.0,0,0.3
2,S1,H1,feller_buncher,2,1194.708925,24.0,0.0,53.24,0,0,24.0,1.0,0.0,0,0.0
2,S1,H2,feller_buncher,2,813.2038300000002,24.0,0.0,53.24,0,0,24.0,1.0,0.0,0,0.0
2,S1,H3,grapple_skidder,2,1332.369187,24.0,0.0,0.0,0,0,24.0,1.0,0.0,0,0.0
3,S1,H3,grapple_skidder,2,352.3838108999996,24.0,0.0,0.0,1,0,24.0,1.0,0.0,0,0.0
3,S1,H4,processor,2,531.895933,24.0,0.0,0.0,0,0,24.0,1.0,0.0,0,0.0
3,S1,H5,processor,2,531.895933,24.0,0.0,0.0,0,0,24.0,1.0,0.0,0,0.0
4,S1,H3,grapple_skidder,2,1480.641393,24.0,0.0,53.24,0,0,24.0,1.0,0.0,0,0.0
4,S1,H4,processor,2,531.895933,24.0,0.0,0.0,0,0,24.0,1.0,0.0,0,0.0
4,S1,H5,processor,2,89.06519889999959,24.0,0.0,0.0,1,0,24.0,1.0,0.0,0,0.0
4,S1,H6,processor,2,0.0,24.0,0.0,0.0,1,0,24.0,1.0,0.0,0,0.0
4,S1,H7,loader,2,802.411354,24.0,0.0,0.0,0,0,24.0,1.0,0.0,0,0.0
5,S1,H3,grapple_skidder,2,527.271362,24.0,0.0,0.0,0,0,24.0,1.0,0.0,0,0.0
5,S1,H4,processor,2,569.826226,24.0,0.0,53.24,0,0,24.0,1.0,0.0,0,0.0
5,S1,H5,processor,2,569.826226,24.0,0.0,53.24,0,0,24.0,1.0,0.0,0,0.0
5,S1,H7,loader,2,802.411354,24.0,0.0,0.0,0,0,24.0,1.0,0.0,0,0.0
5,S1,H8,loader,2,79.9302898999997,19.544886082291207,4.455113917708793,0.0,1,0,24.0,0.8143702534288003,4.455113917708793,1,0.0
6,S1,H4,processor,2,569.826226,24.0,0.0,0.0,0,0,24.0,1.0,0.0,0,0.0
6,S1,H5,processor,2,298.434077,24.0,0.0,0.0,0,0,24.0,1.0,0.0,0,0.0
6,S1,H7,loader,2,937.184825,24.0,0.0,53.24,0,0,24.0,1.0,0.0,0,0.0
7,S1,H7,loader,2,738.173234546476,18.903589939279506,5.096410060720494,0.0,0,0,24.0,0.7876495808033127,5.096410060720495,1,0.0
7,S1,H8,loader,2,133.54310499999997,24.0,0.0,53.24,0,0,24.0,1.0,0.0,0,0.0
1,S1,H1,feller_buncher,3,1067.4342387067045,20.98310759622244,3.016892403777561,0.0,0,0,24.0,0.8742961498426016,3.016892403777561,1,0.0
1,S1,H2,feller_buncher,3,1185.8830549999998,24.0,0.0,0.0,0,0,24.0,1.0,0.0,0,0.0
2,S1,H1,feller_buncher,3,799.4292136891842,24.0,0.0,53.24,0,0,24.0,1.0,0.0,0,0.0
2,S1,H2,feller_buncher,3,544.1483567940477,24.0,0.0,53.24,0,0,24.0,1.0,0.0,0,0.0
2,S1,H3,grapple_skidder,3,1332.369187,24.0,0.0,0.0,0,0,24.0,1.0,0.0,0,0.0
3,S1,H3,grapple_skidder,3,920.9481067067043,24.0,0.0,0.0,1,0,24.0,1.0,0.0,0,0.0
3,S1,H4,processor,3,531.895933,24.0,0.0,0.0,0,0,24.0,1.0,0.0,0,0.0
3,S1,H5,processor,3,531.895933,24.0,0.0,0.0,0,0,24.0,1.0,0.0,0,0.0
4,S1,H3,grapple_skidder,3,1343.5775704832317,24.0,0.0,53.24,1,0,24.0,1.0,0.0,0,0.0
4,S1,H4,processor,3,531.895933,24.0,0.0,0.0,0,0,24.0,1.0,0.0,0,0.0
4,S1,H5,processor,3,531.895933,24.0,0.0,0.0,0,0,24.0,1.0,0.0,0,0.0
4,S1,H6,processor,3,125.73356170670422,24.0,0.0,0.0,1,0,24.0,1.0,0.0,0,0.0
4,S1,H7,loader,3,802.411354,24.0,0.0,0.0,0,0,24.0,1.0,0.0,0,0.0
5,S1,H3,grapple_skidder,3,0.0,24.0,0.0,0.0,1,0,24.0,1.0,0.0,0,0.0
5,S1,H4,processor,3,569.826226,24.0,0.0,53.24,0,0,24.0,1.0,0.0,0,0.0
5,S1,H5,processor,3,569.826226,24.0,0.0,53.24,0,0,24.0,1.0,0.0,0,0.0
5,S1,H7,loader,3,802.411354,24.0,0.0,0.0,0,0,24.0,1.0,0.0,0,0.0
5,S1,H8,loader,3,648.4945857067045,24.0,0.0,0.0,1,0,24.0,1.0,0.0,0,0.0
6,S1,H4,processor,3,203.9251184832317,24.0,0.0,0.0,1,0,24.0,1.0,0.0,0,0.0
6,S1,H5,processor,3,0.0,24.0,0.0,0.0,1,0,24.0,1.0,0.0,0,0.0
6,S1,H7,loader,3,937.184825,24.0,0.0,53.24,0,0,24.0,1.0,0.0,0,0.0
7,S1,H7,loader,3,406.3927454832317,24.0,0.0,0.0,1,0,24.0,1.0,0.0,0,0.0
7,S1,H8,loader,3,0.0,24.0,0.0,53.24,1,0,24.0,1.0,0.0,0,0.0
1,S1,H1,feller_buncher,4,1220.906942,24.0,0.0,0.0,0,0,24.0,1.0,0.0,0,0.0
1,S1,H2,feller_buncher,4,1185.8830549999998,24.0,0.0,0.0,0,0,24.0,1.0,0.0,0,0.0
2,S1,H1,feller_buncher,4,1194.708925,24.0,0.0,53.24,0,0,24.0,1.0,0.0,0,0.0
2,S1,H2,feller_buncher,4,813.2038300000002,24.0,0.0,53.24,0,0,24.0,1.0,0.0,0,0.0
2,S1,H3,grapple_skidder,4,1332.369187,24.0,0.0,0.0,0,0,24.0,1.0,0.0,0,0.0
3,S1,H3,grapple_skidder,4,1074.4208099999998,24.0,0.0,0.0,0,0,24.0,1.0,0.0,0,0.0
3,S1,H4,processor,4,531.895933,24.0,0.0,0.0,0,0,24.0,1.0,0.0,0,0.0
3,S1,H5,processor,4,531.895933,24.0,0.0,0.0,0,0,24.0,1.0,0.0,0,0.0
4,S1,H3,grapple_skidder,4,1480.641393,24.0,0.0,53.24,0,0,24.0,1.0,0.0,0,0.0
4,S1,H4,processor,4,418.6821067298944,18.891610065229553,5.108389934770447,0.0,0,0,24.0,0.7871504193845648,5.108389934770446,1,0.0
4,S1,H5,processor,4,531.895933,24.0,0.0,0.0,0,0,24.0,1.0,0.0,0,0.0
4,S1,H6,processor,4,279.2062649999998,24.0,0.0,0.0,0,0,24.0,1.0,0.0,0,0.0
4,S1,H7,loader,4,802.411354,24.0,0.0,0.0,0,0,24.0,1.0,0.0,0,0.0
5,S1,H3,grapple_skidder,4,527.271362,24.0,0.0,0.0,0,0,24.0,1.0,0.0,0,0.0
5,S1,H4,processor,4,569.826226,24.0,0.0,53.24,0,0,24.0,1.0,0.0,0,0.0
5,S1,H5,processor,4,569.826226,24.0,0.0,53.24,0,0,24.0,1.0,0.0,0,0.0
5,S1,H7,loader,4,802.411354,24.0,0.0,0.0,0,0,24.0,1.0,0.0,0,0.0
5,S1,H8,loader,4,688.7534627298945,24.0,0.0,0.0,1,0,24.0,1.0,0.0,0,0.0
6,S1,H4,processor,4,569.826226,24.0,0.0,0.0,0,0,24.0,1.0,0.0,0,0.0
6,S1,H5,processor,4,298.434077,24.0,0.0,0.0,0,0,24.0,1.0,0.0,0,0.0
6,S1,H7,loader,4,937.184825,24.0,0.0,53.24,0,0,24.0,1.0,0.0,0,0.0
7,S1,H7,loader,4,937.184825,24.0,0.0,0.0,0,0,24.0,1.0,0.0,0,0.0
7,S1,H8,loader,4,133.54310499999997,24.0,0.0,53.24,0,0,24.0,1.0,0.0,0,0.0
1,S1,H1,feller_buncher,5,854.6348594,24.0,0.0,0.0,0,0,24.0,1.0,0.0,0,0.3
1,S1,H2,feller_buncher,5,830.1181384999998,24.0,0.0,0.0,0,0,24.0,1.0,0.0,0,0.3
2,S1,H1,feller_buncher,5,1194.708925,24.0,0.0,53.24,0,0,24.0,1.0,0.0,0,0.0
2,S1,H2,feller_buncher,5,813.2038300000002,24.0,0.0,53.24,0,0,24.0,1.0,0.0,0,0.0
2,S1,H3,grapple_skidder,5,1332.369187,24.0,0.0,0.0,0,0,24.0,1.0,0.0,0,0.0
3,S1,H3,grapple_skidder,5,352.3838108999996,24.0,0.0,0.0,1,0,24.0,1.0,0.0,0,0.0
3,S1,H4,processor,5,531.895933,24.0,0.0,0.0,0,0,24.0,1.0,0.0,0,0.0
3,S1,H5,processor,5,531.895933,24.0,0.0,0.0,0,0,24.0,1.0,0.0,0,0.0
4,S1,H3,grapple_skidder,5,1480.641393,24.0,0.0,53.24,0,0,24.0,1.0,0.0,0,0.0
4,S1,H4,processor,5,357.4995055538298,24.0,0.0,0.0,0,0,24.0,1.0,0.0,0,0.0
4,S1,H5,processor,5,263.4616263461698,24.0,0.0,0.0,1,0,24.0,1.0,0.0,0,0.0
4,S1,H6,processor,5,0.0,24.0,0.0,0.0,1,0,24.0,1.0,0.0,0,0.0
4,S1,H7,loader,5,539.3191496837014,24.0,0.0,0.0,0,0,24.0,1.0,0.0,0,0.0
5,S1,H3,grapple_skidder,5,527.271362,24.0,0.0,0.0,0,0,24.0,1.0,0.0,0,0.0
5,S1,H4,processor,5,569.826226,24.0,0.0,53.24,0,0,24.0,1.0,0.0,0,0.0
5,S1,H5,processor,5,569.826226,24.0,0.0,53.24,0,0,24.0,1.0,0.0,0,0.0
5,S1,H7,loader,5,802.411354,24.0,0.0,0.0,0,0,24.0,1.0,0.0,0,0.0
5,S1,H8,loader,5,343.02249421629824,21.74413535452042,2.25586464547958,0.0,1,0,24.0,0.9060056397716841,2.2558646454795785,1,0.0
6,S1,H4,processor,5,462.08046800216107,19.461953006093943,4.5380469939060575,0.0,0,0,24.0,0.8109147085872476,4.5380469939060575,1,0.0
6,S1,H5,processor,5,298.434077,24.0,0.0,0.0,0,0,24.0,1.0,0.0,0,0.0
6,S1,H7,loader,5,937.184825,24.0,0.0,53.24,0,0,24.0,1.0,0.0,0,0.0
7,S1,H7,loader,5,937.184825,24.0,0.0,0.0,0,0,24.0,1.0,0.0,0,0.0
7,S1,H8,loader,5,25.79734700216102,24.0,0.0,53.24,1,0,24.0,1.0,0.0,0,0.0
1,S1,H1,feller_buncher,6,1220.906942,24.0,0.0,0.0,0,0,24.0,1.0,0.0,0,0.0
1,S1,H2,feller_buncher,6,1185.8830549999998,24.0,0.0,0.0,0,0,24.0,1.0,0.0,0,0.0
2,S1,H1,feller_buncher,6,1194.708925,24.0,0.0,53.24,0,0,24.0,1.0,0.0,0,0.0
2,S1,H2,feller_buncher,6,813.2038300000002,24.0,0.0,53.24,0,0,24.0,1.0,0.0,0,0.0
2,S1,H3,grapple_skidder,6,1332.369187,24.0,0.0,0.0,0,0,24.0,1.0,0.0,0,0.0
3,S1,H3,grapple_skidder,6,752.0945669999999,24.0,0.0,0.0,0,0,24.0,1.0,0.0,0,0.3
3,S1,H4,processor,6,372.3271531,24.0,0.0,0.0,0,0,24.0,1.0,0.0,0,0.3
3,S1,H5,processor,6,372.3271531,24.0,0.0,0.0,0,0,24.0,1.0,0.0,0,0.3
4,S1,H3,grapple_skidder,6,1480.641393,24.0,0.0,53.24,0,0,24.0,1.0,0.0,0,0.0
4,S1,H4,processor,6,531.895933,24.0,0.0,0.0,0,0,24.0,1.0,0.0,0,0.0
4,S1,H5,processor,6,531.895933,24.0,0.0,0.0,0,0,24.0,1.0,0.0,0,0.0
4,S1,H6,processor,6,276.0175817999998,24.0,0.0,0.0,1,0,24.0,1.0,0.0,0,0.0
4,S1,H7,loader,6,663.2830396883974,19.838693549345685,4.161306450654315,0.0,0,0,24.0,0.8266122312227369,4.1613064506543145,1,0.0
5,S1,H3,grapple_skidder,6,527.271362,24.0,0.0,0.0,0,0,24.0,1.0,0.0,0,0.0
5,S1,H4,processor,6,569.826226,24.0,0.0,53.24,0,0,24.0,1.0,0.0,0,0.0
5,S1,H5,processor,6,569.826226,24.0,0.0,53.24,0,0,24.0,1.0,0.0,0,0.0
5,S1,H7,loader,6,802.411354,24.0,0.0,0.0,0,0,24.0,1.0,0.0,0,0.0
5,S1,H8,loader,6,618.7693603116026,24.0,0.0,0.0,1,0,24.0,1.0,0.0,0,0.0
6,S1,H4,processor,6,569.826226,24.0,0.0,0.0,0,0,24.0,1.0,0.0,0,0.0
6,S1,H5,processor,6,298.434077,24.0,0.0,0.0,0,0,24.0,1.0,0.0,0,0.0
6,S1,H7,loader,6,937.184825,24.0,0.0,53.24,0,0,24.0,1.0,0.0,0,0.0
7,S1,H7,loader,6,937.184825,24.0,0.0,0.0,0,0,24.0,1.0,0.0,0,0.0
7,S1,H8,loader,6,133.54310499999997,24.0,0.0,53.24,0,0,24.0,1.0,0.0,0,0.0
1,S1,H1,feller_buncher,7,1220.906942,24.0,0.0,0.0,0,0,24.0,1.0,0.0,0,0.0
1,S1,H2,feller_buncher,7,1185.8830549999998,24.0,0.0,0.0,0,0,24.0,1.0,0.0,0,0.0
2,S1,H1,feller_buncher,7,836.2962474999999,24.0,0.0,53.24,0,0,24.0,1.0,0.0,0,0.3
2,S1,H2,feller_buncher,7,569.2426810000001,24.0,0.0,53.24,0,0,24.0,1.0,0.0,0,0.3
2,S1,H3,grapple_skidder,7,932.6584309,24.0,0.0,0.0,0,0,24.0,1.0,0.0,0,0.3
3,S1,H3,grapple_skidder,7,1074.4208099999998,24.0,0.0,0.0,0,0,24.0,1.0,0.0,0,0.0
3,S1,H4,processor,7,481.328280823696,21.718306200639258,2.281693799360742,0.0,0,0,24.0,0.9049294250266358,2.2816937993607413,1,0.0
3,S1,H5,processor,7,451.330150076304,24.0,0.0,0.0,1,0,24.0,1.0,0.0,0,0.0
4,S1,H3,grapple_skidder,7,1343.111489675857,21.770751449078638,2.229248550921362,53.24,0,0,24.0,0.9071146437116099,2.2292485509213615,1,0.0
4,S1,H4,processor,7,531.895933,24.0,0.0,0.0,0,0,24.0,1.0,0.0,0,0.0
4,S1,H5,processor,7,531.895933,24.0,0.0,0.0,0,0,24.0,1.0,0.0,0,0.0
4,S1,H6,processor,7,10.62894399999982,24.0,0.0,0.0,1,0,24.0,1.0,0.0,0,0.0
4,S1,H7,loader,7,802.411354,24.0,0.0,0.0,0,0,24.0,1.0,0.0,0,0.0
5,S1,H3,grapple_skidder,7,62.42743882414311,24.0,0.0,0.0,1,0,24.0,1.0,0.0,0,0.0
5,S1,H4,processor,7,569.826226,24.0,0.0,53.24,0,0,24.0,1.0,0.0,0,0.0
5,S1,H5,processor,7,569.826226,24.0,0.0,53.24,0,0,24.0,1.0,0.0,0,0.0
5,S1,H7,loader,7,802.411354,24.0,0.0,0.0,0,0,24.0,1.0,0.0,0,0.0
5,S1,H8,loader,7,402.2565328999998,24.0,0.0,0.0,1,0,24.0,1.0,0.0,0,0.0
6,S1,H4,processor,7,265.8864765000001,21.344539463508923,2.655460536491077,0.0,1,0,24.0,0.8893558109795384,2.655460536491076,1,0.0
6,S1,H5,processor,7,0.0,24.0,0.0,0.0,1,0,24.0,1.0,0.0,0,0.0
6,S1,H7,loader,7,937.184825,24.0,0.0,53.24,0,0,24.0,1.0,0.0,0,0.0
7,S1,H7,loader,7,468.35410350000006,24.0,0.0,0.0,1,0,24.0,1.0,0.0,0,0.0
7,S1,H8,loader,7,0.0,24.0,0.0,53.24,1,0,24.0,1.0,0.0,0,0.0
1,S1,H1,feller_buncher,8,1220.906942,24.0,0.0,0.0,0,0,24.0,1.0,0.0,0,0.0
1,S1,H2,feller_buncher,8,1185.8830549999998,24.0,0.0,0.0,0,0,24.0,1.0,0.0,0,0.0
2,S1,H1,feller_buncher,8,1194.708925,24.0,0.0,53.24,0,0,24.0,1.0,0.0,0,0.0
2,S1,H2,feller_buncher,8,813.2038300000002,24.0,0.0,53.24,0,0,24.0,1.0,0.0,0,0.0
2,S1,H3,grapple_skidder,8,1332.369187,24.0,0.0,0.0,0,0,24.0,1.0,0.0,0,0.0
3,S1,H3,grapple_skidder,8,1074.4208099999998,24.0,0.0,0.0,0,0,24.0,1.0,0.0,0,0.0
3,S1,H4,processor,8,531.895933,24.0,0.0,0.0,0,0,24.0,1.0,0.0,0,0.0
3,S1,H5,processor,8,531.895933,24.0,0.0,0.0,0,0,24.0,1.0,0.0,0,0.0
4,S1,H3,grapple_skidder,8,1116.8324104309645,24.0,0.0,53.24,0,0,24.0,1.0,0.0,0,0.0
4,S1,H4,processor,8,531.895933,24.0,0.0,0.0,0,0,24.0,1.0,0.0,0,0.0
4,S1,H5,processor,8,531.895933,24.0,0.0,0.0,0,0,24.0,1.0,0.0,0,0.0
4,S1,H6,processor,8,279.2062649999998,24.0,0.0,0.0,0,0,24.0,1.0,0.0,0,0.0
4,S1,H7,loader,8,802.411354,24.0,0.0,0.0,0,0,24.0,1.0,0.0,0,0.0
5,S1,H3,grapple_skidder,8,527.271362,24.0,0.0,0.0,0,0,24.0,1.0,0.0,0,0.0
5,S1,H4,processor,8,569.826226,24.0,0.0,53.24,0,0,24.0,1.0,0.0,0,0.0
5,S1,H5,processor,8,547.0061844309645,24.0,0.0,53.24,1,0,24.0,1.0,0.0,0,0.0
5,S1,H7,loader,8,802.411354,24.0,0.0,0.0,0,0,24.0,1.0,0.0,0,0.0
5,S1,H8,loader,8,801.967289,24.0,0.0,0.0,0,0,24.0,1.0,0.0,0,0.0
6,S1,H4,processor,8,527.271362,24.0,0.0,0.0,1,0,24.0,1.0,0.0,0,0.0
6,S1,H5,processor,8,0.0,24.0,0.0,0.0,1,0,24.0,1.0,0.0,0,0.0
6,S1,H7,loader,8,937.184825,24.0,0.0,53.24,0,0,24.0,1.0,0.0,0,0.0
7,S1,H7,loader,8,706.9189474309644,20.86058472035974,3.139415279640261,0.0,1,0,24.0,0.8691910300149891,3.1394152796402603,1,0.0
7,S1,H8,loader,8,0.0,24.0,0.0,53.24,1,0,24.0,1.0,0.0,0,0.0
1,S1,H1,feller_buncher,9,1220.906942,24.0,0.0,0.0,0,0,24.0,1.0,0.0,0,0.0
1,S1,H2,feller_buncher,9,1185.8830549999998,24.0,0.0,0.0,0,0,24.0,1.0,0.0,0,0.0
2,S1,H1,feller_buncher,9,1194.708925,24.0,0.0,53.24,0,0,24.0,1.0,0.0,0,0.0
2,S1,H2,feller_buncher,9,813.2038300000002,24.0,0.0,53.24,0,0,24.0,1.0,0.0,0,0.0
2,S1,H3,grapple_skidder,9,1332.369187,24.0,0.0,0.0,0,0,24.0,1.0,0.0,0,0.0
3,S1,H3,grapple_skidder,9,1074.4208099999998,24.0,0.0,0.0,0,0,24.0,1.0,0.0,0,0.0
3,S1,H4,processor,9,531.895933,24.0,0.0,0.0,0,0,24.0,1.0,0.0,0,0.0
3,S1,H5,processor,9,531.895933,24.0,0.0,0.0,0,0,24.0,1.0,0.0,0,0.0
4,S1,H3,grapple_skidder,9,1480.641393,24.0,0.0,53.24,0,0,24.0,1.0,0.0,0,0.0
4,S1,H4,processor,9,531.895933,24.0,0.0,0.0,0,0,24.0,1.0,0.0,0,0.0
4,S1,H5,processor,9,531.895933,24.0,0.0,0.0,0,0,24.0,1.0,0.0,0,0.0
4,S1,H6,processor,9,279.2062649999998,24.0,0.0,0.0,0,0,24.0,1.0,0.0,0,0.0
4,S1,H7,loader,9,802.411354,24.0,0.0,0.0,0,0,24.0,1.0,0.0,0,0.0
5,S1,H3,grapple_skidder,9,527.271362,24.0,0.0,0.0,0,0,24.0,1.0,0.0,0,0.0
5,S1,H4,processor,9,569.826226,24.0,0.0,53.24,0,0,24.0,1.0,0.0,0,0.0
5,S1,H5,processor,9,569.826226,24.0,0.0,53.24,0,0,24.0,1.0,0.0,0,0.0
5,S1,H7,loader,9,802.411354,24.0,0.0,0.0,0,0,24.0,1.0,0.0,0,0.0
5,S1,H8,loader,9,801.967289,24.0,0.0,0.0,0,0,24.0,1.0,0.0,0,0.0
6,S1,H4,processor,9,569.826226,24.0,0.0,0.0,0,0,24.0,1.0,0.0,0,0.0
6,S1,H5,processor,9,225.1283553039017,18.10477068037254,5.895229319627461,0.0,0,0,24.0,0.7543654450155225,5.895229319627461,1,0.0
6,S1,H7,loader,9,937.184825,24.0,0.0,53.24,0,0,24.0,1.0,0.0,0,0.0
7,S1,H7,loader,9,937.184825,24.0,0.0,0.0,0,0,24.0,1.0,0.0,0,0.0
7,S1,H8,loader,9,60.23738330390165,24.0,0.0,53.24,1,0,24.0,1.0,0.0,0,0.0
1,S1,H1,feller_buncher,10,1220.906942,24.0,0.0,0.0,0,0,24.0,1.0,0.0,0,0.0
1,S1,H2,feller_buncher,10,1185.8830549999998,24.0,0.0,0.0,0,0,24.0,1.0,0.0,0,0.0
2,S1,H1,feller_buncher,10,1194.708925,24.0,0.0,53.24,0,0,24.0,1.0,0.0,0,0.0
2,S1,H2,feller_buncher,10,813.2038300000002,24.0,0.0,53.24,0,0,24.0,1.0,0.0,0,0.0
2,S1,H3,grapple_skidder,10,1332.369187,24.0,0.0,0.0,0,0,24.0,1.0,0.0,0,0.0
3,S1,H3,grapple_skidder,10,1074.4208099999998,24.0,0.0,0.0,0,0,24.0,1.0,0.0,0,0.0
3,S1,H4,processor,10,531.895933,24.0,0.0,0.0,0,0,24.0,1.0,0.0,0,0.0
3,S1,H5,processor,10,531.895933,24.0,0.0,0.0,0,0,24.0,1.0,0.0,0,0.0
4,S1,H3,grapple_skidder,10,1480.641393,24.0,0.0,53.24,0,0,24.0,1.0,0.0,0,0.0
4,S1,H4,processor,10,531.895933,24.0,0.0,0.0,0,0,24.0,1.0,0.0,0,0.0
4,S1,H5,processor,10,531.895933,24.0,0.0,0.0,0,0,24.0,1.0,0.0,0,0.0
4,S1,H6,processor,10,279.2062649999998,24.0,0.0,0.0,0,0,24.0,1.0,0.0,0,0.0
4,S1,H7,loader,10,802.411354,24.0,0.0,0.0,0,0,24.0,1.0,0.0,0,0.0
5,S1,H3,grapple_skidder,10,527.271362,24.0,0.0,0.0,0,0,24.0,1.0,0.0,0,0.0
5,S1,H4,processor,10,569.826226,24.0,0.0,53.24,0,0,24.0,1.0,0.0,0,0.0
5,S1,H5,processor,10,569.826226,24.0,0.0,53.24,0,0,24.0,1.0,0.0,0,0.0
5,S1,H7,loader,10,802.411354,24.0,0.0,0.0,0,0,24.0,1.0,0.0,0,0.0
5,S1,H8,loader,10,801.967289,24.0,0.0,0.0,0,0,24.0,1.0,0.0,0,0.0
6,S1,H4,processor,10,569.826226,24.0,0.0,0.0,0,0,24.0,1.0,0.0,0,0.0
6,S1,H5,processor,10,298.434077,24.0,0.0,0.0,0,0,24.0,1.0,0.0,0,0.0
6,S1,H7,loader,10,937.184825,24.0,0.0,53.24,0,0,24.0,1.0,0.0,0,0.0
7,S1,H7,loader,10,656.0293775,24.0,0.0,0.0,0,0,24.0,1.0,0.0,0,0.3
7,S1,H8,loader,10,93.48017349999998,24.0,0.0,53.24,0,0,24.0,1.0,0.0,0,0.3
1,S1,H1,feller_buncher,11,1220.906942,24.0,0.0,0.0,0,0,24.0,1.0,0.0,0,0.0
1,S1,H2,feller_buncher,11,1185.8830549999998,24.0,0.0,0.0,0,0,24.0,1.0,0.0,0,0.0
2,S1,H1,feller_buncher,11,1194.708925,24.0,0.0,53.24,0,0,24.0,1.0,0.0,0,0.0
2,S1,H2,feller_buncher,11,813.2038300000002,24.0,0.0,53.24,0,0,24.0,1.0,0.0,0,0.0
2,S1,H3,grapple_skidder,11,1332.369187,24.0,0.0,0.0,0,0,24.0,1.0,0.0,0,0.0
3,S1,H3,grapple_skidder,11,1074.4208099999998,24.0,0.0,0.0,0,0,24.0,1.0,0.0,0,0.0
3,S1,H4,processor,11,531.895933,24.0,0.0,0.0,0,0,24.0,1.0,0.0,0,0.0
3,S1,H5,processor,11,531.895933,24.0,0.0,0.0,0,0,24.0,1.0,0.0,0,0.0
4,S1,H3,grapple_skidder,11,1480.641393,24.0,0.0,53.24,0,0,24.0,1.0,0.0,0,0.0
4,S1,H4,processor,11,531.895933,24.0,0.0,0.0,0,0,24.0,1.0,0.0,0,0.0
4,S1,H5,processor,11,531.895933,24.0,0.0,0.0,0,0,24.0,1.0,0.0,0,0.0
4,S1,H6,processor,11,279.2062649999998,24.0,0.0,0.0,0,0,24.0,1.0,0.0,0,0.0
4,S1,H7,loader,11,651.3870943647363,19.48288765708775,4.517112342912249,0.0,0,0,24.0,0.8117869857119896,4.517112342912248,1,0.0
5,S1,H3,grapple_skidder,11,527.271362,24.0,0.0,0.0,0,0,24.0,1.0,0.0,0,0.0
5,S1,H4,processor,11,569.826226,24.0,0.0,53.24,0,0,24.0,1.0,0.0,0,0.0
5,S1,H5,processor,11,569.826226,24.0,0.0,53.24,0,0,24.0,1.0,0.0,0,0.0
5,S1,H7,loader,11,547.979419084801,24.0,0.0,0.0,0,0,24.0,1.0,0.0,0,0.0
5,S1,H8,loader,11,547.6761600649443,24.0,0.0,0.0,0,0,24.0,1.0,0.0,0,0.0
6,S1,H4,processor,11,569.826226,24.0,0.0,0.0,0,0,24.0,1.0,0.0,0,0.0
6,S1,H5,processor,11,298.434077,24.0,0.0,0.0,0,0,24.0,1.0,0.0,0,0.0
6,S1,H7,loader,11,937.184825,24.0,0.0,53.24,0,0,24.0,1.0,0.0,0,0.0
7,S1,H7,loader,11,937.184825,24.0,0.0,0.0,0,0,24.0,1.0,0.0,0,0.0
7,S1,H8,loader,11,133.54310499999997,24.0,0.0,53.24,0,0,24.0,1.0,0.0,0,0.0
1,S1,H1,feller_buncher,12,1220.906942,24.0,0.0,0.0,0,0,24.0,1.0,0.0,0,0.0
1,S1,H2,feller_buncher,12,1185.8830549999998,24.0,0.0,0.0,0,0,24.0,1.0,0.0,0,0.0
2,S1,H1,feller_buncher,12,1194.708925,24.0,0.0,53.24,0,0,24.0,1.0,0.0,0,0.0
2,S1,H2,feller_buncher,12,813.2038300000002,24.0,0.0,53.24,0,0,24.0,1.0,0.0,0,0.0
2,S1,H3,grapple_skidder,12,1332.369187,24.0,0.0,0.0,0,0,24.0,1.0,0.0,0,0.0
3,S1,H3,grapple_skidder,12,1074.4208099999998,24.0,0.0,0.0,0,0,24.0,1.0,0.0,0,0.0
3,S1,H4,processor,12,531.895933,24.0,0.0,0.0,0,0,24.0,1.0,0.0,0,0.0
3,S1,H5,processor,12,531.895933,24.0,0.0,0.0,0,0,24.0,1.0,0.0,0,0.0
4,S1,H3,grapple_skidder,12,1480.641393,24.0,0.0,53.24,0,0,24.0,1.0,0.0,0,0.0
4,S1,H4,processor,12,531.895933,24.0,0.0,0.0,0,0,24.0,1.0,0.0,0,0.0
4,S1,H5,processor,12,531.895933,24.0,0.0,0.0,0,0,24.0,1.0,0.0,0,0.0
4,S1,H6,processor,12,279.2062649999998,24.0,0.0,0.0,0,0,24.0,1.0,0.0,0,0.0
4,S1,H7,loader,12,802.411354,24.0,0.0,0.0,0,0,24.0,1.0,0.0,0,0.0
5,S1,H3,grapple_skidder,12,527.271362,24.0,0.0,0.0,0,0,24.0,1.0,0.0,0,0.0
5,S1,H4,processor,12,569.826226,24.0,0.0,53.24,0,0,24.0,1.0,0.0,0,0.0
5,S1,H5,processor,12,569.826226,24.0,0.0,53.24,0,0,24.0,1.0,0.0,0,0.0
5,S1,H7,loader,12,802.411354,24.0,0.0,0.0,0,0,24.0,1.0,0.0,0,0.0
5,S1,H8,loader,12,801.967289,24.0,0.0,0.0,0,0,24.0,1.0,0.0,0,0.0
6,S1,H4,processor,12,569.826226,24.0,0.0,0.0,0,0,24.0,1.0,0.0,0,0.0
6,S1,H5,processor,12,298.434077,24.0,0.0,0.0,0,0,24.0,1.0,0.0,0,0.0
6,S1,H7,loader,12,937.184825,24.0,0.0,53.24,0,0,24.0,1.0,0.0,0,0.0
7,S1,H7,loader,12,937.184825,24.0,0.0,0.0,0,0,24.0,1.0,0.0,0,0.0
7,S1,H8,loader,12,133.54310499999997,24.0,0.0,53.24,0,0,24.0,1.0,0.0,0,0.0
1,S1,H1,feller_buncher,13,1220.906942,24.0,0.0,0.0,0,0,24.0,1.0,0.0,0,0.0
1,S1,H2,feller_buncher,13,1185.8830549999998,24.0,0.0,0.0,0,0,24.0,1.0,0.0,0,0.0
2,S1,H1,feller_buncher,13,1194.708925,24.0,0.0,53.24,0,0,24.0,1.0,0.0,0,0.0
2,S1,H2,feller_buncher,13,813.2038300000002,24.0,0.0,53.24,0,0,24.0,1.0,0.0,0,0.0
2,S1,H3,grapple_skidder,13,1332.369187,24.0,0.0,0.0,0,0,24.0,1.0,0.0,0,0.0
3,S1,H3,grapple_skidder,13,1074.4208099999998,24.0,0.0,0.0,0,0,24.0,1.0,0.0,0,0.0
3,S1,H4,processor,13,531.895933,24.0,0.0,0.0,0,0,24.0,1.0,0.0,0,0.0
3,S1,H5,processor,13,531.895933,24.0,0.0,0.0,0,0,24.0,1.0,0.0,0,0.0
4,S1,H3,grapple_skidder,13,1480.641393,24.0,0.0,53.24,0,0,24.0,1.0,0.0,0,0.0
4,S1,H4,processor,13,531.895933,24.0,0.0,0.0,0,0,24.0,1.0,0.0,0,0.0
4,S1,H5,processor,13,531.895933,24.0,0.0,0.0,0,0,24.0,1.0,0.0,0,0.0
4,S1,H6,processor,13,279.2062649999998,24.0,0.0,0.0,0,0,24.0,1.0,0.0,0,0.0
4,S1,H7,loader,13,802.411354,24.0,0.0,0.0,0,0,24.0,1.0,0.0,0,0.0
5,S1,H3,grapple_skidder,13,527.271362,24.0,0.0,0.0,0,0,24.0,1.0,0.0,0,0.0
5,S1,H4,processor,13,569.826226,24.0,0.0,53.24,0,0,24.0,1.0,0.0,0,0.0
5,S1,H5,processor,13,569.826226,24.0,0.0,53.24,0,0,24.0,1.0,0.0,0,0.0
5,S1,H7,loader,13,802.411354,24.0,0.0,0.0,0,0,24.0,1.0,0.0,0,0.0
5,S1,H8,loader,13,801.967289,24.0,0.0,0.0,0,0,24.0,1.0,0.0,0,0.0
6,S1,H4,processor,13,569.826226,24.0,0.0,0.0,0,0,24.0,1.0,0.0,0,0.0
6,S1,H5,processor,13,298.434077,24.0,0.0,0.0,0,0,24.0,1.0,0.0,0,0.0
6,S1,H7,loader,13,937.184825,24.0,0.0,53.24,0,0,24.0,1.0,0.0,0,0.0
7,S1,H7,loader,13,937.184825,24.0,0.0,0.0,0,0,24.0,1.0,0.0,0,0.0
7,S1,H8,loader,13,133.54310499999997,24.0,0.0,53.24,0,0,24.0,1.0,0.0,0,0.0
1,S1,H1,feller_buncher,14,1220.906942,24.0,0.0,0.0,0,0,24.0,1.0,0.0,0,0.0
1,S1,H2,feller_buncher,14,1185.8830549999998,24.0,0.0,0.0,0,0,24.0,1.0,0.0,0,0.0
2,S1,H1,feller_buncher,14,1194.708925,24.0,0.0,53.24,0,0,24.0,1.0,0.0,0,0.0
2,S1,H2,feller_buncher,14,813.2038300000002,24.0,0.0,53.24,0,0,24.0,1.0,0.0,0,0.0
2,S1,H3,grapple_skidder,14,1332.369187,24.0,0.0,0.0,0,0,24.0,1.0,0.0,0,0.0
3,S1,H3,grapple_skidder,14,1074.4208099999998,24.0,0.0,0.0,0,0,24.0,1.0,0.0,0,0.0
3,S1,H4,processor,14,531.895933,24.0,0.0,0.0,0,0,24.0,1.0,0.0,0,0.0
3,S1,H5,processor,14,531.895933,24.0,0.0,0.0,0,0,24.0,1.0,0.0,0,0.0
4,S1,H3,grapple_skidder,14,1036.4489751,24.0,0.0,53.24,0,0,24.0,1.0,0.0,0,0.3
4,S1,H4,processor,14,372.3271531,24.0,0.0,0.0,0,0,24.0,1.0,0.0,0,0.3
4,S1,H5,processor,14,372.3271531,24.0,0.0,0.0,0,0,24.0,1.0,0.0,0,0.3
4,S1,H6,processor,14,195.44438549999984,24.0,0.0,0.0,0,0,24.0,1.0,0.0,0,0.3
4,S1,H7,loader,14,561.6879478,24.0,0.0,0.0,0,0,24.0,1.0,0.0,0,0.3
5,S1,H3,grapple_skidder,14,369.08995339999996,24.0,0.0,0.0,0,0,24.0,1.0,0.0,0,0.3
5,S1,H4,processor,14,398.8783582,24.0,0.0,53.24,0,0,24.0,1.0,0.0,0,0.3
5,S1,H5,processor,14,398.8783582,24.0,0.0,53.24,0,0,24.0,1.0,0.0,0,0.3
5,S1,H7,loader,14,561.6879478,24.0,0.0,0.0,0,0,24.0,1.0,0.0,0,0.3
5,S1,H8,loader,14,561.3771023,24.0,0.0,0.0,0,0,24.0,1.0,0.0,0,0.3
6,S1,H4,processor,14,228.20867085613438,24.0,0.0,0.0,0,0,24.0,1.0,0.0,0,0.0
6,S1,H5,processor,14,119.51932175608088,24.0,0.0,0.0,0,0,24.0,1.0,0.0,0,0.0
6,S1,H7,loader,14,375.33144931063407,24.0,0.0,53.24,0,0,24.0,1.0,0.0,0,0.0
7,S1,H7,loader,14,656.0293775,24.0,0.0,0.0,0,0,24.0,1.0,0.0,0,0.3
7,S1,H8,loader,14,93.48017349999998,24.0,0.0,53.24,0,0,24.0,1.0,0.0,0,0.3
1,S1,H1,feller_buncher,15,854.6348594,24.0,0.0,0.0,0,0,24.0,1.0,0.0,0,0.3
1,S1,H2,feller_buncher,15,830.1181384999998,24.0,0.0,0.0,0,0,24.0,1.0,0.0,0,0.3
2,S1,H1,feller_buncher,15,1194.708925,24.0,0.0,53.24,0,0,24.0,1.0,0.0,0,0.0
2,S1,H2,feller_buncher,15,813.2038300000002,24.0,0.0,53.24,0,0,24.0,1.0,0.0,0,0.0
2,S1,H3,grapple_skidder,15,1332.369187,24.0,0.0,0.0,0,0,24.0,1.0,0.0,0,0.0
3,S1,H3,grapple_skidder,15,352.3838108999996,24.0,0.0,0.0,1,0,24.0,1.0,0.0,0,0.0
3,S1,H4,processor,15,531.895933,24.0,0.0,0.0,0,0,24.0,1.0,0.0,0,0.0
3,S1,H5,processor,15,531.895933,24.0,0.0,0.0,0,0,24.0,1.0,0.0,0,0.0
4,S1,H3,grapple_skidder,15,1480.641393,24.0,0.0,53.24,0,0,24.0,1.0,0.0,0,0.0
4,S1,H4,processor,15,531.895933,24.0,0.0,0.0,0,0,24.0,1.0,0.0,0,0.0
4,S1,H5,processor,15,89.06519889999959,24.0,0.0,0.0,1,0,24.0,1.0,0.0,0,0.0
4,S1,H6,processor,15,0.0,24.0,0.0,0.0,1,0,24.0,1.0,0.0,0,0.0
4,S1,H7,loader,15,802.411354,24.0,0.0,0.0,0,0,24.0,1.0,0.0,0,0.0
5,S1,H3,grapple_skidder,15,527.271362,24.0,0.0,0.0,0,0,24.0,1.0,0.0,0,0.0
5,S1,H4,processor,15,569.826226,24.0,0.0,53.24,0,0,24.0,1.0,0.0,0,0.0
5,S1,H5,processor,15,569.826226,24.0,0.0,53.24,0,0,24.0,1.0,0.0,0,0.0
5,S1,H7,loader,15,802.411354,24.0,0.0,0.0,0,0,24.0,1.0,0.0,0,0.0
5,S1,H8,loader,15,79.9302898999997,24.0,0.0,0.0,1,0,24.0,1.0,0.0,0,0.0
6,S1,H4,processor,15,569.826226,24.0,0.0,0.0,0,0,24.0,1.0,0.0,0,0.0
6,S1,H5,processor,15,298.434077,24.0,0.0,0.0,0,0,24.0,1.0,0.0,0,0.0
6,S1,H7,loader,15,937.184825,24.0,0.0,53.24,0,0,24.0,1.0,0.0,0,0.0
7,S1,H7,loader,15,937.184825,24.0,0.0,0.0,0,0,24.0,1.0,0.0,0,0.0
7,S1,H8,loader,15,107.74077588965449,19.362876288908428,4.637123711091572,53.24,0,0,24.0,0.8067865120378511,4.637123711091573,1,0.0
1,S1,H1,feller_buncher,16,1220.906942,24.0,0.0,0.0,0,0,24.0,1.0,0.0,0,0.0
1,S1,H2,feller_buncher,16,1185.8830549999998,24.0,0.0,0.0,0,0,24.0,1.0,0.0,0,0.0
2,S1,H1,feller_buncher,16,1194.708925,24.0,0.0,53.24,0,0,24.0,1.0,0.0,0,0.0
2,S1,H2,feller_buncher,16,813.2038300000002,24.0,0.0,53.24,0,0,24.0,1.0,0.0,0,0.0
2,S1,H3,grapple_skidder,16,1332.369187,24.0,0.0,0.0,0,0,24.0,1.0,0.0,0,0.0
3,S1,H3,grapple_skidder,16,1074.4208099999998,24.0,0.0,0.0,0,0,24.0,1.0,0.0,0,0.0
3,S1,H4,processor,16,531.895933,24.0,0.0,0.0,0,0,24.0,1.0,0.0,0,0.0
3,S1,H5,processor,16,531.895933,24.0,0.0,0.0,0,0,24.0,1.0,0.0,0,0.0
4,S1,H3,grapple_skidder,16,808.7080182148001,24.0,0.0,53.24,0,0,24.0,1.0,0.0,0,0.3
4,S1,H4,processor,16,372.3271531,24.0,0.0,0.0,0,0,24.0,1.0,0.0,0,0.3
4,S1,H5,processor,16,372.3271531,24.0,0.0,0.0,0,0,24.0,1.0,0.0,0,0.3
4,S1,H6,processor,16,195.44438549999984,24.0,0.0,0.0,0,0,24.0,1.0,0.0,0,0.3
4,S1,H7,loader,16,561.6879478,24.0,0.0,0.0,0,0,24.0,1.0,0.0,0,0.3
5,S1,H3,grapple_skidder,16,527.271362,24.0,0.0,0.0,0,0,24.0,1.0,0.0,0,0.0
5,S1,H4,processor,16,569.826226,24.0,0.0,53.24,0,0,24.0,1.0,0.0,0,0.0
5,S1,H5,processor,16,238.88179221480004,24.0,0.0,53.24,1,0,24.0,1.0,0.0,0,0.0
5,S1,H7,loader,16,802.411354,24.0,0.0,0.0,0,0,24.0,1.0,0.0,0,0.0
5,S1,H8,loader,16,639.7912559,24.0,0.0,0.0,1,0,24.0,1.0,0.0,0,0.0
6,S1,H4,processor,16,398.8783582,24.0,0.0,0.0,0,0,24.0,1.0,0.0,0,0.3
6,S1,H5,processor,16,128.39300379999997,24.0,0.0,0.0,1,0,24.0,1.0,0.0,0,0.3
6,S1,H7,loader,16,528.1126268113169,19.320328445918726,4.679671554081274,53.24,0,0,24.0,0.8050136852466135,4.679671554081275,1,0.3
7,S1,H7,loader,16,807.8667534034831,24.0,0.0,0.0,1,0,24.0,1.0,0.0,0,0.0
7,S1,H8,loader,16,0.0,24.0,0.0,53.24,1,0,24.0,1.0,0.0,0,0.0
1,S1,H1,feller_buncher,17,1220.906942,24.0,0.0,0.0,0,0,24.0,1.0,0.0,0,0.0
1,S1,H2,feller_buncher,17,1185.8830549999998,24.0,0.0,0.0,0,0,24.0,1.0,0.0,0,0.0
2,S1,H1,feller_buncher,17,1194.708925,24.0,0.0,53.24,0,0,24.0,1.0,0.0,0,0.0
2,S1,H2,feller_buncher,17,813.2038300000002,24.0,0.0,53.24,0,0,24.0,1.0,0.0,0,0.0
2,S1,H3,grapple_skidder,17,1332.369187,24.0,0.0,0.0,0,0,24.0,1.0,0.0,0,0.0
3,S1,H3,grapple_skidder,17,1074.4208099999998,24.0,0.0,0.0,0,0,24.0,1.0,0.0,0,0.0
3,S1,H4,processor,17,531.895933,24.0,0.0,0.0,0,0,24.0,1.0,0.0,0,0.0
3,S1,H5,processor,17,531.895933,24.0,0.0,0.0,0,0,24.0,1.0,0.0,0,0.0
4,S1,H3,grapple_skidder,17,1480.641393,24.0,0.0,53.24,0,0,24.0,1.0,0.0,0,0.0
4,S1,H4,processor,17,531.895933,24.0,0.0,0.0,0,0,24.0,1.0,0.0,0,0.0
4,S1,H5,processor,17,531.895933,24.0,0.0,0.0,0,0,24.0,1.0,0.0,0,0.0
4,S1,H6,processor,17,279.2062649999998,24.0,0.0,0.0,0,0,24.0,1.0,0.0,0,0.0
4,S1,H7,loader,17,694.73397470145,20.779386171091993,3.2206138289080073,0.0,0,0,24.0,0.8658077571288331,3.2206138289080064,1,0.0
5,S1,H3,grapple_skidder,17,527.271362,24.0,0.0,0.0,0,0,24.0,1.0,0.0,0,0.0
5,S1,H4,processor,17,569.826226,24.0,0.0,53.24,0,0,24.0,1.0,0.0,0,0.0
5,S1,H5,processor,17,569.826226,24.0,0.0,53.24,0,0,24.0,1.0,0.0,0,0.0
5,S1,H7,loader,17,802.411354,24.0,0.0,0.0,0,0,24.0,1.0,0.0,0,0.0
5,S1,H8,loader,17,801.967289,24.0,0.0,0.0,0,0,24.0,1.0,0.0,0,0.0
6,S1,H4,processor,17,428.7141630166896,18.056627517176704,5.943372482823296,0.0,0,0,24.0,0.7523594798823626,5.943372482823296,1,0.0
6,S1,H5,processor,17,298.434077,24.0,0.0,0.0,0,0,24.0,1.0,0.0,0,0.0
6,S1,H7,loader,17,937.184825,24.0,0.0,53.24,0,0,24.0,1.0,0.0,0,0.0
7,S1,H7,loader,17,929.6158670166897,24.0,0.0,0.0,1,0,24.0,1.0,0.0,0,0.0
7,S1,H8,loader,17,0.0,24.0,0.0,53.24,1,0,24.0,1.0,0.0,0,0.0
1,S1,H1,feller_buncher,18,763.4752438677955,24.0,0.0,0.0,0,0,24.0,1.0,0.0,0,0.0
1,S1,H2,feller_buncher,18,741.5735986656476,24.0,0.0,0.0,0,0,24.0,1.0,0.0,0,0.0
2,S1,H1,feller_buncher,18,1046.2166262227242,21.01700129958047,2.982998700419529,53.24,0,0,24.0,0.8757083874825197,2.9829987004195306,1,0.0
2,S1,H2,feller_buncher,18,813.2038300000002,24.0,0.0,53.24,0,0,24.0,1.0,0.0,0,0.0
2,S1,H3,grapple_skidder,18,1332.369187,24.0,0.0,0.0,0,0,24.0,1.0,0.0,0,0.0
3,S1,H3,grapple_skidder,18,172.6796555334431,24.0,0.0,0.0,1,0,24.0,1.0,0.0,0,0.0
3,S1,H4,processor,18,531.895933,24.0,0.0,0.0,0,0,24.0,1.0,0.0,0,0.0
3,S1,H5,processor,18,531.895933,24.0,0.0,0.0,0,0,24.0,1.0,0.0,0,0.0
4,S1,H3,grapple_skidder,18,1480.641393,24.0,0.0,53.24,0,0,24.0,1.0,0.0,0,0.0
4,S1,H4,processor,18,441.2569765334431,24.0,0.0,0.0,1,0,24.0,1.0,0.0,0,0.0
4,S1,H5,processor,18,0.0,24.0,0.0,0.0,1,0,24.0,1.0,0.0,0,0.0
4,S1,H6,processor,18,0.0,24.0,0.0,0.0,1,0,24.0,1.0,0.0,0,0.0
4,S1,H7,loader,18,802.411354,24.0,0.0,0.0,0,0,24.0,1.0,0.0,0,0.0
5,S1,H3,grapple_skidder,18,378.7790632227243,24.0,0.0,0.0,1,0,24.0,1.0,0.0,0,0.0
5,S1,H4,processor,18,569.826226,24.0,0.0,53.24,0,0,24.0,1.0,0.0,0,0.0
5,S1,H5,processor,18,569.826226,24.0,0.0,53.24,0,0,24.0,1.0,0.0,0,0.0
5,S1,H7,loader,18,702.6374885334432,24.0,0.0,0.0,1,0,24.0,1.0,0.0,0,0.0
5,S1,H8,loader,18,0.0,24.0,0.0,0.0,1,0,24.0,1.0,0.0,0,0.0
6,S1,H4,processor,18,569.826226,24.0,0.0,0.0,0,0,24.0,1.0,0.0,0,0.0
6,S1,H5,processor,18,149.94177822272434,24.0,0.0,0.0,1,0,24.0,1.0,0.0,0,0.0
6,S1,H7,loader,18,937.184825,24.0,0.0,53.24,0,0,24.0,1.0,0.0,0,0.0
7,S1,H7,loader,18,656.0293775,24.0,0.0,0.0,0,0,24.0,1.0,0.0,0,0.3
7,S1,H8,loader,18,93.48017349999998,24.0,0.0,53.24,0,0,24.0,1.0,0.0,0,0.3
1,S1,H1,feller_buncher,19,1033.8125490225561,20.32218863126208,3.6778113687379204,0.0,0,0,24.0,0.84675785963592,3.677811368737922,1,0.0
1,S1,H2,feller_buncher,19,1185.8830549999998,24.0,0.0,0.0,0,0,24.0,1.0,0.0,0,0.0
2,S1,H1,feller_buncher,19,1194.708925,24.0,0.0,53.24,0,0,24.0,1.0,0.0,0,0.0
2,S1,H2,feller_buncher,19,813.2038300000002,24.0,0.0,53.24,0,0,24.0,1.0,0.0,0,0.0
2,S1,H3,grapple_skidder,19,1332.369187,24.0,0.0,0.0,0,0,24.0,1.0,0.0,0,0.0
3,S1,H3,grapple_skidder,19,887.3264170225559,24.0,0.0,0.0,1,0,24.0,1.0,0.0,0,0.0
3,S1,H4,processor,19,531.895933,24.0,0.0,0.0,0,0,24.0,1.0,0.0,0,0.0
3,S1,H5,processor,19,531.895933,24.0,0.0,0.0,0,0,24.0,1.0,0.0,0,0.0
4,S1,H3,grapple_skidder,19,1480.641393,24.0,0.0,53.24,0,0,24.0,1.0,0.0,0,0.0
4,S1,H4,processor,19,531.895933,24.0,0.0,0.0,0,0,24.0,1.0,0.0,0,0.0
4,S1,H5,processor,19,531.895933,24.0,0.0,0.0,0,0,24.0,1.0,0.0,0,0.0
4,S1,H6,processor,19,92.11187202255587,24.0,0.0,0.0,1,0,24.0,1.0,0.0,0,0.0
4,S1,H7,loader,19,802.411354,24.0,0.0,0.0,0,0,24.0,1.0,0.0,0,0.0
5,S1,H3,grapple_skidder,19,527.271362,24.0,0.0,0.0,0,0,24.0,1.0,0.0,0,0.0
5,S1,H4,processor,19,569.826226,24.0,0.0,53.24,0,0,24.0,1.0,0.0,0,0.0
5,S1,H5,processor,19,569.826226,24.0,0.0,53.24,0,0,24.0,1.0,0.0,0,0.0
5,S1,H7,loader,19,802.411354,24.0,0.0,0.0,0,0,24.0,1.0,0.0,0,0.0
5,S1,H8,loader,19,614.8728960225561,24.0,0.0,0.0,1,0,24.0,1.0,0.0,0,0.0
6,S1,H4,processor,19,569.826226,24.0,0.0,0.0,0,0,24.0,1.0,0.0,0,0.0
6,S1,H5,processor,19,298.434077,24.0,0.0,0.0,0,0,24.0,1.0,0.0,0,0.0
6,S1,H7,loader,19,937.184825,24.0,0.0,53.24,0,0,24.0,1.0,0.0,0,0.0
7,S1,H7,loader,19,937.184825,24.0,0.0,0.0,0,0,24.0,1.0,0.0,0,0.0
7,S1,H8,loader,19,133.54310499999997,24.0,0.0,53.24,0,0,24.0,1.0,0.0,0,0.0
1,S1,H1,feller_buncher,20,1220.906942,24.0,0.0,0.0,0,0,24.0,1.0,0.0,0,0.0
1,S1,H2,feller_buncher,20,1185.8830549999998,24.0,0.0,0.0,0,0,24.0,1.0,0.0,0,0.0
2,S1,H1,feller_buncher,20,836.2962474999999,24.0,0.0,53.24,0,0,24.0,1.0,0.0,0,0.3
2,S1,H2,feller_buncher,20,569.2426810000001,24.0,0.0,53.24,0,0,24.0,1.0,0.0,0,0.3
2,S1,H3,grapple_skidder,20,932.6584309,24.0,0.0,0.0,0,0,24.0,1.0,0.0,0,0.3
3,S1,H3,grapple_skidder,20,1074.4208099999998,24.0,0.0,0.0,0,0,24.0,1.0,0.0,0,0.0
3,S1,H4,processor,20,531.895933,24.0,0.0,0.0,0,0,24.0,1.0,0.0,0,0.0
3,S1,H5,processor,20,400.76249789999997,24.0,0.0,0.0,1,0,24.0,1.0,0.0,0,0.0
4,S1,H3,grapple_skidder,20,1405.5389285,24.0,0.0,53.24,1,0,24.0,1.0,0.0,0,0.0
4,S1,H4,processor,20,531.895933,24.0,0.0,0.0,0,0,24.0,1.0,0.0,0,0.0
4,S1,H5,processor,20,531.895933,24.0,0.0,0.0,0,0,24.0,1.0,0.0,0,0.0
4,S1,H6,processor,20,10.62894399999982,24.0,0.0,0.0,1,0,24.0,1.0,0.0,0,0.0
4,S1,H7,loader,20,802.411354,24.0,0.0,0.0,0,0,24.0,1.0,0.0,0,0.0
5,S1,H3,grapple_skidder,20,0.0,24.0,0.0,0.0,1,0,24.0,1.0,0.0,0,0.0
5,S1,H4,processor,20,569.826226,24.0,0.0,53.24,0,0,24.0,1.0,0.0,0,0.0
5,S1,H5,processor,20,569.826226,24.0,0.0,53.24,0,0,24.0,1.0,0.0,0,0.0
5,S1,H7,loader,20,802.411354,24.0,0.0,0.0,0,0,24.0,1.0,0.0,0,0.0
5,S1,H8,loader,20,402.2565328999998,24.0,0.0,0.0,1,0,24.0,1.0,0.0,0,0.0
6,S1,H4,processor,20,265.8864765000001,24.0,0.0,0.0,1,0,24.0,1.0,0.0,0,0.0
6,S1,H5,processor,20,0.0,24.0,0.0,0.0,1,0,24.0,1.0,0.0,0,0.0
6,S1,H7,loader,20,937.184825,24.0,0.0,53.24,0,0,24.0,1.0,0.0,0,0.0
7,S1,H7,loader,20,468.35410350000006,24.0,0.0,0.0,1,0,24.0,1.0,0.0,0,0.0
7,S1,H8,loader,20,0.0,24.0,0.0,53.24,1,0,24.0,1.0,0.0,0,0.0
1,S1,H1,feller_buncher,21,1220.906942,24.0,0.0,0.0,0,0,24.0,1.0,0.0,0,0.0
1,S1,H2,feller_buncher,21,1185.8830549999998,24.0,0.0,0.0,0,0,24.0,1.0,0.0,0,0.0
2,S1,H1,feller_buncher,21,1194.708925,24.0,0.0,53.24,0,0,24.0,1.0,0.0,0,0.0
2,S1,H2,feller_buncher,21,813.2038300000002,24.0,0.0,53.24,0,0,24.0,1.0,0.0,0,0.0
2,S1,H3,grapple_skidder,21,1332.369187,24.0,0.0,0.0,0,0,24.0,1.0,0.0,0,0.0
3,S1,H3,grapple_skidder,21,516.0443547844172,24.0,0.0,0.0,0,0,24.0,1.0,0.0,0,0.0
3,S1,H4,processor,21,255.46963629403328,24.0,0.0,0.0,0,0,24.0,1.0,0.0,0,0.0
3,S1,H5,processor,21,255.46963629403328,24.0,0.0,0.0,0,0,24.0,1.0,0.0,0,0.0
4,S1,H3,grapple_skidder,21,1480.641393,24.0,0.0,53.24,0,0,24.0,1.0,0.0,0,0.0
4,S1,H4,processor,21,531.895933,24.0,0.0,0.0,0,0,24.0,1.0,0.0,0,0.0
4,S1,H5,processor,21,531.895933,24.0,0.0,0.0,0,0,24.0,1.0,0.0,0,0.0
4,S1,H6,processor,21,273.6824031963506,24.0,0.0,0.0,1,0,24.0,1.0,0.0,0,0.0
4,S1,H7,loader,21,510.93927258806656,24.0,0.0,0.0,1,0,24.0,1.0,0.0,0,0.0
5,S1,H3,grapple_skidder,21,527.271362,24.0,0.0,0.0,0,0,24.0,1.0,0.0,0,0.0
5,S1,H4,processor,21,569.826226,24.0,0.0,53.24,0,0,24.0,1.0,0.0,0,0.0
5,S1,H5,processor,21,569.826226,24.0,0.0,53.24,0,0,24.0,1.0,0.0,0,0.0
5,S1,H7,loader,21,802.411354,24.0,0.0,0.0,0,0,24.0,1.0,0.0,0,0.0
5,S1,H8,loader,21,535.0629151963507,24.0,0.0,0.0,1,0,24.0,1.0,0.0,0,0.0
6,S1,H4,processor,21,569.826226,24.0,0.0,0.0,0,0,24.0,1.0,0.0,0,0.0
6,S1,H5,processor,21,298.434077,24.0,0.0,0.0,0,0,24.0,1.0,0.0,0,0.0
6,S1,H7,loader,21,937.184825,24.0,0.0,53.24,0,0,24.0,1.0,0.0,0,0.0
7,S1,H7,loader,21,937.184825,24.0,0.0,0.0,0,0,24.0,1.0,0.0,0,0.0
7,S1,H8,loader,21,133.54310499999997,24.0,0.0,53.24,0,0,24.0,1.0,0.0,0,0.0
1,S1,H1,feller_buncher,22,1220.906942,24.0,0.0,0.0,0,0,24.0,1.0,0.0,0,0.0
1,S1,H2,feller_buncher,22,1185.8830549999998,24.0,0.0,0.0,0,0,24.0,1.0,0.0,0,0.0
2,S1,H1,feller_buncher,22,1194.708925,24.0,0.0,53.24,0,0,24.0,1.0,0.0,0,0.0
2,S1,H2,feller_buncher,22,813.2038300000002,24.0,0.0,53.24,0,0,24.0,1.0,0.0,0,0.0
2,S1,H3,grapple_skidder,22,1332.369187,24.0,0.0,0.0,0,0,24.0,1.0,0.0,0,0.0
3,S1,H3,grapple_skidder,22,1074.4208099999998,24.0,0.0,0.0,0,0,24.0,1.0,0.0,0,0.0
3,S1,H4,processor,22,531.895933,24.0,0.0,0.0,0,0,24.0,1.0,0.0,0,0.0
3,S1,H5,processor,22,531.895933,24.0,0.0,0.0,0,0,24.0,1.0,0.0,0,0.0
4,S1,H3,grapple_skidder,22,1480.641393,24.0,0.0,53.24,0,0,24.0,1.0,0.0,0,0.0
4,S1,H4,processor,22,531.895933,24.0,0.0,0.0,0,0,24.0,1.0,0.0,0,0.0
4,S1,H5,processor,22,531.895933,24.0,0.0,0.0,0,0,24.0,1.0,0.0,0,0.0
4,S1,H6,processor,22,279.2062649999998,24.0,0.0,0.0,0,0,24.0,1.0,0.0,0,0.0
4,S1,H7,loader,22,802.411354,24.0,0.0,0.0,0,0,24.0,1.0,0.0,0,0.0
5,S1,H3,grapple_skidder,22,527.271362,24.0,0.0,0.0,0,0,24.0,1.0,0.0,0,0.0
5,S1,H4,processor,22,505.31180082024315,21.282774758924198,2.717225241075802,53.24,0,0,24.0,0.8867822816218416,2.717225241075801,1,0.0
5,S1,H5,processor,22,569.826226,24.0,0.0,53.24,0,0,24.0,1.0,0.0,0,0.0
5,S1,H7,loader,22,802.411354,24.0,0.0,0.0,0,0,24.0,1.0,0.0,0,0.0
5,S1,H8,loader,22,801.967289,24.0,0.0,0.0,0,0,24.0,1.0,0.0,0,0.0
6,S1,H4,processor,22,569.826226,24.0,0.0,0.0,0,0,24.0,1.0,0.0,0,0.0
6,S1,H5,processor,22,298.434077,24.0,0.0,0.0,0,0,24.0,1.0,0.0,0,0.0
6,S1,H7,loader,22,937.184825,24.0,0.0,53.24,0,0,24.0,1.0,0.0,0,0.0
7,S1,H7,loader,22,656.0293775,24.0,0.0,0.0,0,0,24.0,1.0,0.0,0,0.3
7,S1,H8,loader,22,93.48017349999998,24.0,0.0,53.24,0,0,24.0,1.0,0.0,0,0.3
1,S1,H1,feller_buncher,23,1220.906942,24.0,0.0,0.0,0,0,24.0,1.0,0.0,0,0.0
1,S1,H2,feller_buncher,23,1185.8830549999998,24.0,0.0,0.0,0,0,24.0,1.0,0.0,0,0.0
2,S1,H1,feller_buncher,23,1194.708925,24.0,0.0,53.24,0,0,24.0,1.0,0.0,0,0.0
2,S1,H2,feller_buncher,23,813.2038300000002,24.0,0.0,53.24,0,0,24.0,1.0,0.0,0,0.0
2,S1,H3,grapple_skidder,23,1332.369187,24.0,0.0,0.0,0,0,24.0,1.0,0.0,0,0.0
3,S1,H3,grapple_skidder,23,1074.4208099999998,24.0,0.0,0.0,0,0,24.0,1.0,0.0,0,0.0
3,S1,H4,processor,23,531.895933,24.0,0.0,0.0,0,0,24.0,1.0,0.0,0,0.0
3,S1,H5,processor,23,531.895933,24.0,0.0,0.0,0,0,24.0,1.0,0.0,0,0.0
4,S1,H3,grapple_skidder,23,1480.641393,24.0,0.0,53.24,0,0,24.0,1.0,0.0,0,0.0
4,S1,H4,processor,23,288.00272990503936,24.0,0.0,0.0,0,0,24.0,1.0,0.0,0,0.0
4,S1,H5,processor,23,288.00272990503936,24.0,0.0,0.0,0,0,24.0,1.0,0.0,0,0.0
4,S1,H6,processor,23,151.1802620355621,24.0,0.0,0.0,0,0,24.0,1.0,0.0,0,0.0
4,S1,H7,loader,23,434.47720901975555,24.0,0.0,0.0,0,0,24.0,1.0,0.0,0,0.0
5,S1,H3,grapple_skidder,23,527.271362,24.0,0.0,0.0,0,0,24.0,1.0,0.0,0,0.0
5,S1,H4,processor,23,569.826226,24.0,0.0,53.24,0,0,24.0,1.0,0.0,0,0.0
5,S1,H5,processor,23,569.826226,24.0,0.0,53.24,0,0,24.0,1.0,0.0,0,0.0
5,S1,H7,loader,23,802.411354,24.0,0.0,0.0,0,0,24.0,1.0,0.0,0,0.0
5,S1,H8,loader,23,554.0890248258855,24.0,0.0,0.0,1,0,24.0,1.0,0.0,0,0.0
6,S1,H4,processor,23,569.826226,24.0,0.0,0.0,0,0,24.0,1.0,0.0,0,0.0
6,S1,H5,processor,23,298.434077,24.0,0.0,0.0,0,0,24.0,1.0,0.0,0,0.0
6,S1,H7,loader,23,937.184825,24.0,0.0,53.24,0,0,24.0,1.0,0.0,0,0.0
7,S1,H7,loader,23,656.0293775,24.0,0.0,0.0,0,0,24.0,1.0,0.0,0,0.3
7,S1,H8,loader,23,76.47782014131228,19.634833940391598,4.365166059608402,53.24,0,0,24.0,0.8181180808496499,4.365166059608402,1,0.3
1,S1,H1,feller_buncher,24,1220.906942,24.0,0.0,0.0,0,0,24.0,1.0,0.0,0,0.0
1,S1,H2,feller_buncher,24,1185.8830549999998,24.0,0.0,0.0,0,0,24.0,1.0,0.0,0,0.0
2,S1,H1,feller_buncher,24,887.3860870288087,24.0,0.0,53.24,0,0,24.0,1.0,0.0,0,0.0
2,S1,H2,feller_buncher,24,604.0180579219668,24.0,0.0,53.24,0,0,24.0,1.0,0.0,0,0.0
2,S1,H3,grapple_skidder,24,1332.369187,24.0,0.0,0.0,0,0,24.0,1.0,0.0,0,0.0
3,S1,H3,grapple_skidder,24,1074.4208099999998,24.0,0.0,0.0,0,0,24.0,1.0,0.0,0,0.0
3,S1,H4,processor,24,531.895933,24.0,0.0,0.0,0,0,24.0,1.0,0.0,0,0.0
3,S1,H5,processor,24,531.895933,24.0,0.0,0.0,0,0,24.0,1.0,0.0,0,0.0
4,S1,H3,grapple_skidder,24,1480.641393,24.0,0.0,53.24,0,0,24.0,1.0,0.0,0,0.0
4,S1,H4,processor,24,531.895933,24.0,0.0,0.0,0,0,24.0,1.0,0.0,0,0.0
4,S1,H5,processor,24,531.895933,24.0,0.0,0.0,0,0,24.0,1.0,0.0,0,0.0
4,S1,H6,processor,24,279.2062649999998,24.0,0.0,0.0,0,0,24.0,1.0,0.0,0,0.0
4,S1,H7,loader,24,669.3765516160596,20.020949552497772,3.979050447502228,0.0,0,0,24.0,0.8342062313540738,3.9790504475022295,1,0.0
5,S1,H3,grapple_skidder,24,10.762751950775282,24.0,0.0,0.0,1,0,24.0,1.0,0.0,0,0.3
5,S1,H4,processor,24,398.8783582,24.0,0.0,53.24,0,0,24.0,1.0,0.0,0,0.3
5,S1,H5,processor,24,398.8783582,24.0,0.0,53.24,0,0,24.0,1.0,0.0,0,0.3
5,S1,H7,loader,24,561.6879478,24.0,0.0,0.0,0,0,24.0,1.0,0.0,0,0.3
5,S1,H8,loader,24,488.4619434352266,20.88273033298857,3.1172696670114313,0.0,0,0,24.0,0.8701137638745237,3.1172696670114304,1,0.3
6,S1,H4,processor,24,569.826226,24.0,0.0,0.0,0,0,24.0,1.0,0.0,0,0.0
6,S1,H5,processor,24,123.82120255077552,24.0,0.0,0.0,1,0,24.0,1.0,0.0,0,0.0
6,S1,H7,loader,24,797.7567164,24.0,0.0,53.24,1,0,24.0,1.0,0.0,0,0.0
7,S1,H7,loader,24,648.6196712034041,24.0,0.0,0.0,0,0,24.0,1.0,0.0,0,0.0
7,S1,H8,loader,24,45.02775734737145,24.0,0.0,53.24,1,0,24.0,1.0,0.0,0,0.0
1,S1,H1,feller_buncher,25,1220.906942,24.0,0.0,0.0,0,0,24.0,1.0,0.0,0,0.0
1,S1,H2,feller_buncher,25,1185.8830549999998,24.0,0.0,0.0,0,0,24.0,1.0,0.0,0,0.0
2,S1,H1,feller_buncher,25,1194.708925,24.0,0.0,53.24,0,0,24.0,1.0,0.0,0,0.0
2,S1,H2,feller_buncher,25,813.2038300000002,24.0,0.0,53.24,0,0,24.0,1.0,0.0,0,0.0
2,S1,H3,grapple_skidder,25,789.0085998808725,24.0,0.0,0.0,0,0,24.0,1.0,0.0,0,0.0
3,S1,H3,grapple_skidder,25,1074.4208099999998,24.0,0.0,0.0,0,0,24.0,1.0,0.0,0,0.0
3,S1,H4,processor,25,531.895933,24.0,0.0,0.0,0,0,24.0,1.0,0.0,0,0.0
3,S1,H5,processor,25,257.11266688087244,24.0,0.0,0.0,1,0,24.0,1.0,0.0,0,0.0
4,S1,H3,grapple_skidder,25,1480.641393,24.0,0.0,53.24,0,0,24.0,1.0,0.0,0,0.0
4,S1,H4,processor,25,394.180414540404,24.0,0.0,0.0,0,0,24.0,1.0,0.0,0,0.0
4,S1,H5,processor,25,394.180414540404,24.0,0.0,0.0,0,0,24.0,1.0,0.0,0,0.0
4,S1,H6,processor,25,206.91574131659664,24.0,0.0,0.0,0,0,24.0,1.0,0.0,0,0.0
4,S1,H7,loader,25,594.6554965511399,24.0,0.0,0.0,0,0,24.0,1.0,0.0,0,0.0
5,S1,H3,grapple_skidder,25,369.08995339999996,24.0,0.0,0.0,0,0,24.0,1.0,0.0,0,0.3
5,S1,H4,processor,25,398.8783582,24.0,0.0,53.24,0,0,24.0,1.0,0.0,0,0.3
5,S1,H5,processor,25,398.8783582,24.0,0.0,53.24,0,0,24.0,1.0,0.0,0,0.3
5,S1,H7,loader,25,561.6879478,24.0,0.0,0.0,0,0,24.0,1.0,0.0,0,0.3
5,S1,H8,loader,25,561.3771023,24.0,0.0,0.0,0,0,24.0,1.0,0.0,0,0.3
6,S1,H4,processor,25,569.826226,24.0,0.0,0.0,0,0,24.0,1.0,0.0,0,0.0
6,S1,H5,processor,25,298.434077,24.0,0.0,0.0,0,0,24.0,1.0,0.0,0,0.0
6,S1,H7,loader,25,797.7567164,24.0,0.0,53.24,1,0,24.0,1.0,0.0,0,0.0
7,S1,H7,loader,25,868.260303,24.0,0.0,0.0,1,0,24.0,1.0,0.0,0,0.0
7,S1,H8,loader,25,0.0,24.0,0.0,53.24,1,0,24.0,1.0,0.0,0,0.0
1,S1,H1,feller_buncher,26,1220.906942,24.0,0.0,0.0,0,0,24.0,1.0,0.0,0,0.0
1,S1,H2,feller_buncher,26,1185.8830549999998,24.0,0.0,0.0,0,0,24.0,1.0,0.0,0,0.0
2,S1,H1,feller_buncher,26,1194.708925,24.0,0.0,53.24,0,0,24.0,1.0,0.0,0,0.0
2,S1,H2,feller_buncher,26,813.2038300000002,24.0,0.0,53.24,0,0,24.0,1.0,0.0,0,0.0
2,S1,H3,grapple_skidder,26,1332.369187,24.0,0.0,0.0,0,0,24.0,1.0,0.0,0,0.0
3,S1,H3,grapple_skidder,26,1074.4208099999998,24.0,0.0,0.0,0,0,24.0,1.0,0.0,0,0.0
3,S1,H4,processor,26,531.895933,24.0,0.0,0.0,0,0,24.0,1.0,0.0,0,0.0
3,S1,H5,processor,26,531.895933,24.0,0.0,0.0,0,0,24.0,1.0,0.0,0,0.0
4,S1,H3,grapple_skidder,26,1480.641393,24.0,0.0,53.24,0,0,24.0,1.0,0.0,0,0.0
4,S1,H4,processor,26,531.895933,24.0,0.0,0.0,0,0,24.0,1.0,0.0,0,0.0
4,S1,H5,processor,26,531.895933,24.0,0.0,0.0,0,0,24.0,1.0,0.0,0,0.0
4,S1,H6,processor,26,279.2062649999998,24.0,0.0,0.0,0,0,24.0,1.0,0.0,0,0.0
4,S1,H7,loader,26,802.411354,24.0,0.0,0.0,0,0,24.0,1.0,0.0,0,0.0
5,S1,H3,grapple_skidder,26,527.271362,24.0,0.0,0.0,0,0,24.0,1.0,0.0,0,0.0
5,S1,H4,processor,26,569.826226,24.0,0.0,53.24,0,0,24.0,1.0,0.0,0,0.0
5,S1,H5,processor,26,569.826226,24.0,0.0,53.24,0,0,24.0,1.0,0.0,0,0.0
5,S1,H7,loader,26,802.411354,24.0,0.0,0.0,0,0,24.0,1.0,0.0,0,0.0
5,S1,H8,loader,26,801.967289,24.0,0.0,0.0,0,0,24.0,1.0,0.0,0,0.0
6,S1,H4,processor,26,569.826226,24.0,0.0,0.0,0,0,24.0,1.0,0.0,0,0.0
6,S1,H5,processor,26,229.32177531430236,18.442004555475936,5.557995444524064,0.0,0,0,24.0,0.768416856478164,5.557995444524064,1,0.0
6,S1,H7,loader,26,937.184825,24.0,0.0,53.24,0,0,24.0,1.0,0.0,0,0.0
7,S1,H7,loader,26,656.0293775,24.0,0.0,0.0,0,0,24.0,1.0,0.0,0,0.3
7,S1,H8,loader,26,93.48017349999998,24.0,0.0,53.24,0,0,24.0,1.0,0.0,0,0.3
1,S1,H1,feller_buncher,27,985.1531170732355,19.365664979368795,4.634335020631205,0.0,0,0,24.0,0.8069027074736997,4.6343350206312035,1,0.0
1,S1,H2,feller_buncher,27,1185.8830549999998,24.0,0.0,0.0,0,0,24.0,1.0,0.0,0,0.0
2,S1,H1,feller_buncher,27,1194.708925,24.0,0.0,53.24,0,0,24.0,1.0,0.0,0,0.0
2,S1,H2,feller_buncher,27,813.2038300000002,24.0,0.0,53.24,0,0,24.0,1.0,0.0,0,0.0
2,S1,H3,grapple_skidder,27,1332.369187,24.0,0.0,0.0,0,0,24.0,1.0,0.0,0,0.0
3,S1,H3,grapple_skidder,27,838.6669850732353,24.0,0.0,0.0,1,0,24.0,1.0,0.0,0,0.0
3,S1,H4,processor,27,531.895933,24.0,0.0,0.0,0,0,24.0,1.0,0.0,0,0.0
3,S1,H5,processor,27,531.895933,24.0,0.0,0.0,0,0,24.0,1.0,0.0,0,0.0
4,S1,H3,grapple_skidder,27,1480.641393,24.0,0.0,53.24,0,0,24.0,1.0,0.0,0,0.0
4,S1,H4,processor,27,531.895933,24.0,0.0,0.0,0,0,24.0,1.0,0.0,0,0.0
4,S1,H5,processor,27,531.895933,24.0,0.0,0.0,0,0,24.0,1.0,0.0,0,0.0
4,S1,H6,processor,27,43.452440073235266,24.0,0.0,0.0,1,0,24.0,1.0,0.0,0,0.0
4,S1,H7,loader,27,802.411354,24.0,0.0,0.0,0,0,24.0,1.0,0.0,0,0.0
5,S1,H3,grapple_skidder,27,527.271362,24.0,0.0,0.0,0,0,24.0,1.0,0.0,0,0.0
5,S1,H4,processor,27,569.826226,24.0,0.0,53.24,0,0,24.0,1.0,0.0,0,0.0
5,S1,H5,processor,27,569.826226,24.0,0.0,53.24,0,0,24.0,1.0,0.0,0,0.0
5,S1,H7,loader,27,802.411354,24.0,0.0,0.0,0,0,24.0,1.0,0.0,0,0.0
5,S1,H8,loader,27,566.2134640732355,24.0,0.0,0.0,1,0,24.0,1.0,0.0,0,0.0
6,S1,H4,processor,27,569.826226,24.0,0.0,0.0,0,0,24.0,1.0,0.0,0,0.0
6,S1,H5,processor,27,298.434077,24.0,0.0,0.0,0,0,24.0,1.0,0.0,0,0.0
6,S1,H7,loader,27,937.184825,24.0,0.0,53.24,0,0,24.0,1.0,0.0,0,0.0
7,S1,H7,loader,27,937.184825,24.0,0.0,0.0,0,0,24.0,1.0,0.0,0,0.0
7,S1,H8,loader,27,133.54310499999997,24.0,0.0,53.24,0,0,24.0,1.0,0.0,0,0.0
1,S1,H1,feller_buncher,28,854.6348594,24.0,0.0,0.0,0,0,24.0,1.0,0.0,0,0.3
1,S1,H2,feller_buncher,28,830.1181384999998,24.0,0.0,0.0,0,0,24.0,1.0,0.0,0,0.3
2,S1,H1,feller_buncher,28,836.2962474999999,24.0,0.0,53.24,0,0,24.0,1.0,0.0,0,0.3
2,S1,H2,feller_buncher,28,569.2426810000001,24.0,0.0,53.24,0,0,24.0,1.0,0.0,0,0.3
2,S1,H3,grapple_skidder,28,932.6584309,24.0,0.0,0.0,0,0,24.0,1.0,0.0,0,0.3
3,S1,H3,grapple_skidder,28,752.0945669999996,24.0,0.0,0.0,1,0,24.0,1.0,0.0,0,0.0
3,S1,H4,processor,28,427.8280687600811,19.30429058242479,4.695709417575209,0.0,0,0,24.0,0.8043454409343663,4.695709417575211,1,0.0
3,S1,H5,processor,28,504.83036213991886,24.0,0.0,0.0,1,0,24.0,1.0,0.0,0,0.0
4,S1,H3,grapple_skidder,28,1405.5389285,24.0,0.0,53.24,1,0,24.0,1.0,0.0,0,0.0
4,S1,H4,processor,28,420.7456629398946,18.984721040454865,5.015278959545135,0.0,0,0,24.0,0.791030043352286,5.015278959545137,1,0.0
4,S1,H5,processor,28,331.34890406010504,24.0,0.0,0.0,1,0,24.0,1.0,0.0,0,0.0
4,S1,H6,processor,28,0.0,24.0,0.0,0.0,1,0,24.0,1.0,0.0,0,0.0
4,S1,H7,loader,28,802.411354,24.0,0.0,0.0,0,0,24.0,1.0,0.0,0,0.0
5,S1,H3,grapple_skidder,28,0.0,24.0,0.0,0.0,1,0,24.0,1.0,0.0,0,0.0
5,S1,H4,processor,28,569.826226,24.0,0.0,53.24,0,0,24.0,1.0,0.0,0,0.0
5,S1,H5,processor,28,569.826226,24.0,0.0,53.24,0,0,24.0,1.0,0.0,0,0.0
5,S1,H7,loader,28,615.9314381114276,18.42241443990617,5.57758556009383,0.0,0,0,24.0,0.7676006016627571,5.577585560093828,1,0.0
5,S1,H8,loader,28,266.41020578857206,24.0,0.0,0.0,1,0,24.0,1.0,0.0,0,0.0
6,S1,H4,processor,28,265.8864765000001,24.0,0.0,0.0,1,0,24.0,1.0,0.0,0,0.0
6,S1,H5,processor,28,0.0,19.26009441976657,4.73990558023343,0.0,1,0,24.0,0.8025039341569404,4.7399055802334304,1,0.0
6,S1,H7,loader,28,937.184825,24.0,0.0,53.24,0,0,24.0,1.0,0.0,0,0.0
7,S1,H7,loader,28,468.35410350000006,24.0,0.0,0.0,1,0,24.0,1.0,0.0,0,0.0
7,S1,H8,loader,28,0.0,24.0,0.0,53.24,1,0,24.0,1.0,0.0,0,0.0
1,S1,H1,feller_buncher,29,1220.906942,24.0,0.0,0.0,0,0,24.0,1.0,0.0,0,0.0
1,S1,H2,feller_buncher,29,1185.8830549999998,24.0,0.0,0.0,0,0,24.0,1.0,0.0,0,0.0
2,S1,H1,feller_buncher,29,964.6247418007129,19.377936599257524,4.622063400742476,53.24,0,0,24.0,0.8074140249690634,4.622063400742478,1,0.0
2,S1,H2,feller_buncher,29,813.2038300000002,24.0,0.0,53.24,0,0,24.0,1.0,0.0,0,0.0
2,S1,H3,grapple_skidder,29,1332.369187,24.0,0.0,0.0,0,0,24.0,1.0,0.0,0,0.0
3,S1,H3,grapple_skidder,29,1074.4208099999998,24.0,0.0,0.0,0,0,24.0,1.0,0.0,0,0.0
3,S1,H4,processor,29,531.895933,24.0,0.0,0.0,0,0,24.0,1.0,0.0,0,0.0
3,S1,H5,processor,29,531.895933,24.0,0.0,0.0,0,0,24.0,1.0,0.0,0,0.0
4,S1,H3,grapple_skidder,29,1480.641393,24.0,0.0,53.24,0,0,24.0,1.0,0.0,0,0.0
4,S1,H4,processor,29,531.895933,24.0,0.0,0.0,0,0,24.0,1.0,0.0,0,0.0
4,S1,H5,processor,29,531.895933,24.0,0.0,0.0,0,0,24.0,1.0,0.0,0,0.0
4,S1,H6,processor,29,279.2062649999998,24.0,0.0,0.0,0,0,24.0,1.0,0.0,0,0.0
4,S1,H7,loader,29,802.411354,24.0,0.0,0.0,0,0,24.0,1.0,0.0,0,0.0
5,S1,H3,grapple_skidder,29,297.1871788007129,24.0,0.0,0.0,1,0,24.0,1.0,0.0,0,0.0
5,S1,H4,processor,29,569.826226,24.0,0.0,53.24,0,0,24.0,1.0,0.0,0,0.0
5,S1,H5,processor,29,569.826226,24.0,0.0,53.24,0,0,24.0,1.0,0.0,0,0.0
5,S1,H7,loader,29,802.411354,24.0,0.0,0.0,0,0,24.0,1.0,0.0,0,0.0
5,S1,H8,loader,29,801.967289,24.0,0.0,0.0,0,0,24.0,1.0,0.0,0,0.0
6,S1,H4,processor,29,398.8783582,24.0,0.0,0.0,0,0,24.0,1.0,0.0,0,0.3
6,S1,H5,processor,29,208.9038539,24.0,0.0,0.0,0,0,24.0,1.0,0.0,0,0.3
6,S1,H7,loader,29,656.0293775,24.0,0.0,53.24,0,0,24.0,1.0,0.0,0,0.3
7,S1,H7,loader,29,774.7855468654562,19.841180340036928,4.158819659963072,0.0,0,0,24.0,0.8267158475015387,4.15881965996307,1,0.0
7,S1,H8,loader,29,133.54310499999997,24.0,0.0,53.24,0,0,24.0,1.0,0.0,0,0.0
1,S1,H1,feller_buncher,30,1220.906942,24.0,0.0,0.0,0,0,24.0,1.0,0.0,0,0.0
1,S1,H2,feller_buncher,30,1185.8830549999998,24.0,0.0,0.0,0,0,24.0,1.0,0.0,0,0.0
2,S1,H1,feller_buncher,30,1194.708925,24.0,0.0,53.24,0,0,24.0,1.0,0.0,0,0.0
2,S1,H2,feller_buncher,30,813.2038300000002,24.0,0.0,53.24,0,0,24.0,1.0,0.0,0,0.0
2,S1,H3,grapple_skidder,30,1332.369187,24.0,0.0,0.0,0,0,24.0,1.0,0.0,0,0.0
3,S1,H3,grapple_skidder,30,1074.4208099999998,24.0,0.0,0.0,0,0,24.0,1.0,0.0,0,0.0
3,S1,H4,processor,30,531.895933,24.0,0.0,0.0,0,0,24.0,1.0,0.0,0,0.0
3,S1,H5,processor,30,531.895933,24.0,0.0,0.0,0,0,24.0,1.0,0.0,0,0.0
4,S1,H3,grapple_skidder,30,1480.641393,24.0,0.0,53.24,0,0,24.0,1.0,0.0,0,0.0
4,S1,H4,processor,30,467.36803501006733,21.08839745582641,2.91160254417359,0.0,0,0,24.0,0.8786832273261004,2.9116025441735895,1,0.0
4,S1,H5,processor,30,531.895933,24.0,0.0,0.0,0,0,24.0,1.0,0.0,0,0.0
4,S1,H6,processor,30,279.2062649999998,24.0,0.0,0.0,0,0,24.0,1.0,0.0,0,0.0
4,S1,H7,loader,30,802.411354,24.0,0.0,0.0,0,0,24.0,1.0,0.0,0,0.0
5,S1,H3,grapple_skidder,30,527.271362,24.0,0.0,0.0,0,0,24.0,1.0,0.0,0,0.0
5,S1,H4,processor,30,569.826226,24.0,0.0,53.24,0,0,24.0,1.0,0.0,0,0.0
5,S1,H5,processor,30,569.826226,24.0,0.0,53.24,0,0,24.0,1.0,0.0,0,0.0
5,S1,H7,loader,30,802.411354,24.0,0.0,0.0,0,0,24.0,1.0,0.0,0,0.0
5,S1,H8,loader,30,737.4393910100674,24.0,0.0,0.0,1,0,24.0,1.0,0.0,0,0.0
6,S1,H4,processor,30,569.826226,24.0,0.0,0.0,0,0,24.0,1.0,0.0,0,0.0
6,S1,H5,processor,30,298.434077,24.0,0.0,0.0,0,0,24.0,1.0,0.0,0,0.0
6,S1,H7,loader,30,937.184825,24.0,0.0,53.24,0,0,24.0,1.0,0.0,0,0.0
7,S1,H7,loader,30,937.184825,24.0,0.0,0.0,0,0,24.0,1.0,0.0,0,0.0
7,S1,H8,loader,30,133.54310499999997,24.0,0.0,53.24,0,0,24.0,1.0,0.0,0,0.0
1,S1,H1,feller_buncher,31,1220.906942,24.0,0.0,0.0,0,0,24.0,1.0,0.0,0,0.0
1,S1,H2,feller_buncher,31,1185.8830549999998,24.0,0.0,0.0,0,0,24.0,1.0,0.0,0,0.0
2,S1,H1,feller_buncher,31,1194.708925,24.0,0.0,53.24,0,0,24.0,1.0,0.0,0,0.0
2,S1,H2,feller_buncher,31,813.2038300000002,24.0,0.0,53.24,0,0,24.0,1.0,0.0,0,0.0
2,S1,H3,grapple_skidder,31,1332.369187,24.0,0.0,0.0,0,0,24.0,1.0,0.0,0,0.0
3,S1,H3,grapple_skidder,31,752.0945669999999,24.0,0.0,0.0,0,0,24.0,1.0,0.0,0,0.3
3,S1,H4,processor,31,372.3271531,24.0,0.0,0.0,0,0,24.0,1.0,0.0,0,0.3
3,S1,H5,processor,31,372.3271531,24.0,0.0,0.0,0,0,24.0,1.0,0.0,0,0.3
4,S1,H3,grapple_skidder,31,1480.641393,24.0,0.0,53.24,0,0,24.0,1.0,0.0,0,0.0
4,S1,H4,processor,31,531.895933,24.0,0.0,0.0,0,0,24.0,1.0,0.0,0,0.0
4,S1,H5,processor,31,531.895933,24.0,0.0,0.0,0,0,24.0,1.0,0.0,0,0.0
4,S1,H6,processor,31,276.0175817999998,24.0,0.0,0.0,1,0,24.0,1.0,0.0,0,0.0
4,S1,H7,loader,31,744.6543062,24.0,0.0,0.0,1,0,24.0,1.0,0.0,0,0.0
5,S1,H3,grapple_skidder,31,527.271362,24.0,0.0,0.0,0,0,24.0,1.0,0.0,0,0.0
5,S1,H4,processor,31,446.2127339802226,18.79363414123614,5.20636585876386,53.24,0,0,24.0,0.7830680892181725,5.206365858763858,1,0.0
5,S1,H5,processor,31,569.826226,24.0,0.0,53.24,0,0,24.0,1.0,0.0,0,0.0
5,S1,H7,loader,31,802.411354,24.0,0.0,0.0,0,0,24.0,1.0,0.0,0,0.0
5,S1,H8,loader,31,537.3980937999999,24.0,0.0,0.0,1,0,24.0,1.0,0.0,0,0.0
6,S1,H4,processor,31,569.826226,24.0,0.0,0.0,0,0,24.0,1.0,0.0,0,0.0
6,S1,H5,processor,31,298.434077,24.0,0.0,0.0,0,0,24.0,1.0,0.0,0,0.0
6,S1,H7,loader,31,937.184825,24.0,0.0,53.24,0,0,24.0,1.0,0.0,0,0.0
7,S1,H7,loader,31,937.184825,24.0,0.0,0.0,0,0,24.0,1.0,0.0,0,0.0
7,S1,H8,loader,31,9.9296129802226,24.0,0.0,53.24,1,0,24.0,1.0,0.0,0,0.0
1,S1,H1,feller_buncher,32,1220.906942,24.0,0.0,0.0,0,0,24.0,1.0,0.0,0,0.0
1,S1,H2,feller_buncher,32,1185.8830549999998,24.0,0.0,0.0,0,0,24.0,1.0,0.0,0,0.0
2,S1,H1,feller_buncher,32,1194.708925,24.0,0.0,53.24,0,0,24.0,1.0,0.0,0,0.0
2,S1,H2,feller_buncher,32,813.2038300000002,24.0,0.0,53.24,0,0,24.0,1.0,0.0,0,0.0
2,S1,H3,grapple_skidder,32,1332.369187,24.0,0.0,0.0,0,0,24.0,1.0,0.0,0,0.0
3,S1,H3,grapple_skidder,32,1074.4208099999998,24.0,0.0,0.0,0,0,24.0,1.0,0.0,0,0.0
3,S1,H4,processor,32,531.895933,24.0,0.0,0.0,0,0,24.0,1.0,0.0,0,0.0
3,S1,H5,processor,32,531.895933,24.0,0.0,0.0,0,0,24.0,1.0,0.0,0,0.0
4,S1,H3,grapple_skidder,32,1480.641393,24.0,0.0,53.24,0,0,24.0,1.0,0.0,0,0.0
4,S1,H4,processor,32,531.895933,24.0,0.0,0.0,0,0,24.0,1.0,0.0,0,0.0
4,S1,H5,processor,32,531.895933,24.0,0.0,0.0,0,0,24.0,1.0,0.0,0,0.0
4,S1,H6,processor,32,279.2062649999998,24.0,0.0,0.0,0,0,24.0,1.0,0.0,0,0.0
4,S1,H7,loader,32,802.411354,24.0,0.0,0.0,0,0,24.0,1.0,0.0,0,0.0
5,S1,H3,grapple_skidder,32,527.271362,24.0,0.0,0.0,0,0,24.0,1.0,0.0,0,0.0
5,S1,H4,processor,32,569.826226,24.0,0.0,53.24,0,0,24.0,1.0,0.0,0,0.0
5,S1,H5,processor,32,569.826226,24.0,0.0,53.24,0,0,24.0,1.0,0.0,0,0.0
5,S1,H7,loader,32,802.411354,24.0,0.0,0.0,0,0,24.0,1.0,0.0,0,0.0
5,S1,H8,loader,32,801.967289,24.0,0.0,0.0,0,0,24.0,1.0,0.0,0,0.0
6,S1,H4,processor,32,569.826226,24.0,0.0,0.0,0,0,24.0,1.0,0.0,0,0.0
6,S1,H5,processor,32,298.434077,24.0,0.0,0.0,0,0,24.0,1.0,0.0,0,0.0
6,S1,H7,loader,32,937.184825,24.0,0.0,53.24,0,0,24.0,1.0,0.0,0,0.0
7,S1,H7,loader,32,937.184825,24.0,0.0,0.0,0,0,24.0,1.0,0.0,0,0.0
7,S1,H8,loader,32,133.54310499999997,24.0,0.0,53.24,0,0,24.0,1.0,0.0,0,0.0
1,S1,H1,feller_buncher,33,1220.906942,24.0,0.0,0.0,0,0,24.0,1.0,0.0,0,0.0
1,S1,H2,feller_buncher,33,1066.3616087039366,21.58111501887889,2.41888498112111,0.0,0,0,24.0,0.8992131257866204,2.418884981121111,1,0.0
2,S1,H1,feller_buncher,33,1194.708925,24.0,0.0,53.24,0,0,24.0,1.0,0.0,0,0.0
2,S1,H2,feller_buncher,33,813.2038300000002,24.0,0.0,53.24,0,0,24.0,1.0,0.0,0,0.0
2,S1,H3,grapple_skidder,33,1332.369187,24.0,0.0,0.0,0,0,24.0,1.0,0.0,0,0.0
3,S1,H3,grapple_skidder,33,954.8993637039368,24.0,0.0,0.0,1,0,24.0,1.0,0.0,0,0.0
3,S1,H4,processor,33,531.895933,24.0,0.0,0.0,0,0,24.0,1.0,0.0,0,0.0
3,S1,H5,processor,33,531.895933,24.0,0.0,0.0,0,0,24.0,1.0,0.0,0,0.0
4,S1,H3,grapple_skidder,33,1480.641393,24.0,0.0,53.24,0,0,24.0,1.0,0.0,0,0.0
4,S1,H4,processor,33,531.895933,24.0,0.0,0.0,0,0,24.0,1.0,0.0,0,0.0
4,S1,H5,processor,33,531.895933,24.0,0.0,0.0,0,0,24.0,1.0,0.0,0,0.0
4,S1,H6,processor,33,159.6848187039368,24.0,0.0,0.0,1,0,24.0,1.0,0.0,0,0.0
4,S1,H7,loader,33,802.411354,24.0,0.0,0.0,0,0,24.0,1.0,0.0,0,0.0
5,S1,H3,grapple_skidder,33,527.271362,24.0,0.0,0.0,0,0,24.0,1.0,0.0,0,0.0
5,S1,H4,processor,33,569.826226,24.0,0.0,53.24,0,0,24.0,1.0,0.0,0,0.0
5,S1,H5,processor,33,569.826226,24.0,0.0,53.24,0,0,24.0,1.0,0.0,0,0.0
5,S1,H7,loader,33,802.411354,24.0,0.0,0.0,0,0,24.0,1.0,0.0,0,0.0
5,S1,H8,loader,33,682.445842703937,24.0,0.0,0.0,1,0,24.0,1.0,0.0,0,0.0
6,S1,H4,processor,33,277.8321688068745,24.0,0.0,0.0,0,0,24.0,1.0,0.0,0,0.3
6,S1,H5,processor,33,113.80498029434702,18.770852718084992,5.229147281915008,0.0,0,0,24.0,0.7821188632535413,5.229147281915007,1,0.3
6,S1,H7,loader,33,456.9464875817091,24.0,0.0,53.24,0,0,24.0,1.0,0.0,0,0.3
7,S1,H7,loader,33,937.184825,24.0,0.0,0.0,0,0,24.0,1.0,0.0,0,0.0
7,S1,H8,loader,33,133.54310499999997,24.0,0.0,53.24,0,0,24.0,1.0,0.0,0,0.0
1,S1,H1,feller_buncher,34,1220.906942,24.0,0.0,0.0,0,0,24.0,1.0,0.0,0,0.0
1,S1,H2,feller_buncher,34,1185.8830549999998,24.0,0.0,0.0,0,0,24.0,1.0,0.0,0,0.0
2,S1,H1,feller_buncher,34,1194.708925,24.0,0.0,53.24,0,0,24.0,1.0,0.0,0,0.0
2,S1,H2,feller_buncher,34,813.2038300000002,24.0,0.0,53.24,0,0,24.0,1.0,0.0,0,0.0
2,S1,H3,grapple_skidder,34,1332.369187,24.0,0.0,0.0,0,0,24.0,1.0,0.0,0,0.0
3,S1,H3,grapple_skidder,34,1074.4208099999998,24.0,0.0,0.0,0,0,24.0,1.0,0.0,0,0.0
3,S1,H4,processor,34,400.78699431117934,18.08415381034377,5.915846189656229,0.0,0,0,24.0,0.7535064087643238,5.9158461896562295,1,0.0
3,S1,H5,processor,34,531.895933,24.0,0.0,0.0,0,0,24.0,1.0,0.0,0,0.0
4,S1,H3,grapple_skidder,34,1480.641393,24.0,0.0,53.24,0,0,24.0,1.0,0.0,0,0.0
4,S1,H4,processor,34,300.43698447428767,24.0,0.0,0.0,0,0,24.0,1.0,0.0,0,0.0
4,S1,H5,processor,34,300.43698447428767,24.0,0.0,0.0,0,0,24.0,1.0,0.0,0,0.0
4,S1,H6,processor,34,157.7073316387414,24.0,0.0,0.0,0,0,24.0,1.0,0.0,0,0.0
4,S1,H7,loader,34,453.23536531664007,24.0,0.0,0.0,0,0,24.0,1.0,0.0,0,0.0
5,S1,H3,grapple_skidder,34,527.271362,24.0,0.0,0.0,0,0,24.0,1.0,0.0,0,0.0
5,S1,H4,processor,34,569.826226,24.0,0.0,53.24,0,0,24.0,1.0,0.0,0,0.0
5,S1,H5,processor,34,569.826226,24.0,0.0,53.24,0,0,24.0,1.0,0.0,0,0.0
5,S1,H7,loader,34,802.411354,24.0,0.0,0.0,0,0,24.0,1.0,0.0,0,0.0
5,S1,H8,loader,34,435.617508581856,20.63879232484451,3.361207675155491,0.0,1,0,24.0,0.8599496802018546,3.361207675155489,1,0.0
6,S1,H4,processor,34,299.0844405587895,24.0,0.0,0.0,0,0,24.0,1.0,0.0,0,0.0
6,S1,H5,processor,34,156.63896270584027,24.0,0.0,0.0,0,0,24.0,1.0,0.0,0,0.0
6,S1,H7,loader,34,491.8997868050251,24.0,0.0,53.24,0,0,24.0,1.0,0.0,0,0.0
7,S1,H7,loader,34,937.184825,24.0,0.0,0.0,0,0,24.0,1.0,0.0,0,0.0
7,S1,H8,loader,34,127.6010615117855,22.932112266543847,1.0678877334561534,53.24,0,0,24.0,0.9555046777726602,1.0678877334561552,1,0.0
1,S1,H1,feller_buncher,35,1220.906942,24.0,0.0,0.0,0,0,24.0,1.0,0.0,0,0.0
1,S1,H2,feller_buncher,35,1185.8830549999998,24.0,0.0,0.0,0,0,24.0,1.0,0.0,0,0.0
2,S1,H1,feller_buncher,35,1194.708925,24.0,0.0,53.24,0,0,24.0,1.0,0.0,0,0.0
2,S1,H2,feller_buncher,35,813.2038300000002,24.0,0.0,53.24,0,0,24.0,1.0,0.0,0,0.0
2,S1,H3,grapple_skidder,35,1332.369187,24.0,0.0,0.0,0,0,24.0,1.0,0.0,0,0.0
3,S1,H3,grapple_skidder,35,1074.4208099999998,24.0,0.0,0.0,0,0,24.0,1.0,0.0,0,0.0
3,S1,H4,processor,35,531.895933,24.0,0.0,0.0,0,0,24.0,1.0,0.0,0,0.0
3,S1,H5,processor,35,531.895933,24.0,0.0,0.0,0,0,24.0,1.0,0.0,0,0.0
4,S1,H3,grapple_skidder,35,1480.641393,24.0,0.0,53.24,0,0,24.0,1.0,0.0,0,0.0
4,S1,H4,processor,35,531.895933,24.0,0.0,0.0,0,0,24.0,1.0,0.0,0,0.0
4,S1,H5,processor,35,531.895933,24.0,0.0,0.0,0,0,24.0,1.0,0.0,0,0.0
4,S1,H6,processor,35,279.2062649999998,24.0,0.0,0.0,0,0,24.0,1.0,0.0,0,0.0
4,S1,H7,loader,35,802.411354,24.0,0.0,0.0,0,0,24.0,1.0,0.0,0,0.0
5,S1,H3,grapple_skidder,35,527.271362,24.0,0.0,0.0,0,0,24.0,1.0,0.0,0,0.0
5,S1,H4,processor,35,569.826226,24.0,0.0,53.24,0,0,24.0,1.0,0.0,0,0.0
5,S1,H5,processor,35,569.826226,24.0,0.0,53.24,0,0,24.0,1.0,0.0,0,0.0
5,S1,H7,loader,35,802.411354,24.0,0.0,0.0,0,0,24.0,1.0,0.0,0,0.0
5,S1,H8,loader,35,801.967289,24.0,0.0,0.0,0,0,24.0,1.0,0.0,0,0.0
6,S1,H4,processor,35,569.826226,24.0,0.0,0.0,0,0,24.0,1.0,0.0,0,0.0
6,S1,H5,processor,35,298.434077,24.0,0.0,0.0,0,0,24.0,1.0,0.0,0,0.0
6,S1,H7,loader,35,937.184825,24.0,0.0,53.24,0,0,24.0,1.0,0.0,0,0.0
7,S1,H7,loader,35,937.184825,24.0,0.0,0.0,0,0,24.0,1.0,0.0,0,0.0
7,S1,H8,loader,35,133.54310499999997,24.0,0.0,53.24,0,0,24.0,1.0,0.0,0,0.0
1,S1,H1,feller_buncher,36,1220.906942,24.0,0.0,0.0,0,0,24.0,1.0,0.0,0,0.0
1,S1,H2,feller_buncher,36,1185.8830549999998,24.0,0.0,0.0,0,0,24.0,1.0,0.0,0,0.0
2,S1,H1,feller_buncher,36,1194.708925,24.0,0.0,53.24,0,0,24.0,1.0,0.0,0,0.0
2,S1,H2,feller_buncher,36,813.2038300000002,24.0,0.0,53.24,0,0,24.0,1.0,0.0,0,0.0
2,S1,H3,grapple_skidder,36,1332.369187,24.0,0.0,0.0,0,0,24.0,1.0,0.0,0,0.0
3,S1,H3,grapple_skidder,36,1074.4208099999998,24.0,0.0,0.0,0,0,24.0,1.0,0.0,0,0.0
3,S1,H4,processor,36,531.895933,24.0,0.0,0.0,0,0,24.0,1.0,0.0,0,0.0
3,S1,H5,processor,36,531.895933,24.0,0.0,0.0,0,0,24.0,1.0,0.0,0,0.0
4,S1,H3,grapple_skidder,36,1480.641393,24.0,0.0,53.24,0,0,24.0,1.0,0.0,0,0.0
4,S1,H4,processor,36,531.895933,24.0,0.0,0.0,0,0,24.0,1.0,0.0,0,0.0
4,S1,H5,processor,36,531.895933,24.0,0.0,0.0,0,0,24.0,1.0,0.0,0,0.0
4,S1,H6,processor,36,279.2062649999998,24.0,0.0,0.0,0,0,24.0,1.0,0.0,0,0.0
4,S1,H7,loader,36,802.411354,24.0,0.0,0.0,0,0,24.0,1.0,0.0,0,0.0
5,S1,H3,grapple_skidder,36,527.271362,24.0,0.0,0.0,0,0,24.0,1.0,0.0,0,0.0
5,S1,H4,processor,36,569.826226,24.0,0.0,53.24,0,0,24.0,1.0,0.0,0,0.0
5,S1,H5,processor,36,569.826226,24.0,0.0,53.24,0,0,24.0,1.0,0.0,0,0.0
5,S1,H7,loader,36,802.411354,24.0,0.0,0.0,0,0,24.0,1.0,0.0,0,0.0
5,S1,H8,loader,36,801.967289,24.0,0.0,0.0,0,0,24.0,1.0,0.0,0,0.0
6,S1,H4,processor,36,569.826226,24.0,0.0,0.0,0,0,24.0,1.0,0.0,0,0.0
6,S1,H5,processor,36,298.434077,24.0,0.0,0.0,0,0,24.0,1.0,0.0,0,0.0
6,S1,H7,loader,36,937.184825,24.0,0.0,53.24,0,0,24.0,1.0,0.0,0,0.0
7,S1,H7,loader,36,937.184825,24.0,0.0,0.0,0,0,24.0,1.0,0.0,0,0.0
7,S1,H8,loader,36,133.54310499999997,24.0,0.0,53.24,0,0,24.0,1.0,0.0,0,0.0
1,S1,H1,feller_buncher,37,1220.906942,24.0,0.0,0.0,0,0,24.0,1.0,0.0,0,0.0
1,S1,H2,feller_buncher,37,1185.8830549999998,24.0,0.0,0.0,0,0,24.0,1.0,0.0,0,0.0
2,S1,H1,feller_buncher,37,1194.708925,24.0,0.0,53.24,0,0,24.0,1.0,0.0,0,0.0
2,S1,H2,feller_buncher,37,813.2038300000002,24.0,0.0,53.24,0,0,24.0,1.0,0.0,0,0.0
2,S1,H3,grapple_skidder,37,1332.369187,24.0,0.0,0.0,0,0,24.0,1.0,0.0,0,0.0
3,S1,H3,grapple_skidder,37,1074.4208099999998,24.0,0.0,0.0,0,0,24.0,1.0,0.0,0,0.0
3,S1,H4,processor,37,531.895933,24.0,0.0,0.0,0,0,24.0,1.0,0.0,0,0.0
3,S1,H5,processor,37,417.0470936168542,18.817835643809108,5.182164356190892,0.0,0,0,24.0,0.7840764851587129,5.182164356190892,1,0.0
4,S1,H3,grapple_skidder,37,1480.641393,24.0,0.0,53.24,0,0,24.0,1.0,0.0,0,0.0
4,S1,H4,processor,37,531.895933,24.0,0.0,0.0,0,0,24.0,1.0,0.0,0,0.0
4,S1,H5,processor,37,531.895933,24.0,0.0,0.0,0,0,24.0,1.0,0.0,0,0.0
4,S1,H6,processor,37,279.2062649999998,24.0,0.0,0.0,0,0,24.0,1.0,0.0,0,0.0
4,S1,H7,loader,37,802.411354,24.0,0.0,0.0,0,0,24.0,1.0,0.0,0,0.0
5,S1,H3,grapple_skidder,37,527.271362,24.0,0.0,0.0,0,0,24.0,1.0,0.0,0,0.0
5,S1,H4,processor,37,569.826226,24.0,0.0,53.24,0,0,24.0,1.0,0.0,0,0.0
5,S1,H5,processor,37,569.826226,24.0,0.0,53.24,0,0,24.0,1.0,0.0,0,0.0
5,S1,H7,loader,37,802.411354,24.0,0.0,0.0,0,0,24.0,1.0,0.0,0,0.0
5,S1,H8,loader,37,687.1184496168543,24.0,0.0,0.0,1,0,24.0,1.0,0.0,0,0.0
6,S1,H4,processor,37,569.826226,24.0,0.0,0.0,0,0,24.0,1.0,0.0,0,0.0
6,S1,H5,processor,37,298.434077,24.0,0.0,0.0,0,0,24.0,1.0,0.0,0,0.0
6,S1,H7,loader,37,937.184825,24.0,0.0,53.24,0,0,24.0,1.0,0.0,0,0.0
7,S1,H7,loader,37,670.8688966201131,17.18001944694603,6.81998055305397,0.0,0,0,24.0,0.7158341436227512,6.81998055305397,1,0.0
7,S1,H8,loader,37,133.54310499999997,24.0,0.0,53.24,0,0,24.0,1.0,0.0,0,0.0
1,S1,H1,feller_buncher,38,1220.906942,24.0,0.0,0.0,0,0,24.0,1.0,0.0,0,0.0
1,S1,H2,feller_buncher,38,1185.8830549999998,24.0,0.0,0.0,0,0,24.0,1.0,0.0,0,0.0
2,S1,H1,feller_buncher,38,1194.708925,24.0,0.0,53.24,0,0,24.0,1.0,0.0,0,0.0
2,S1,H2,feller_buncher,38,813.2038300000002,24.0,0.0,53.24,0,0,24.0,1.0,0.0,0,0.0
2,S1,H3,grapple_skidder,38,1332.369187,24.0,0.0,0.0,0,0,24.0,1.0,0.0,0,0.0
3,S1,H3,grapple_skidder,38,1074.4208099999998,24.0,0.0,0.0,0,0,24.0,1.0,0.0,0,0.0
3,S1,H4,processor,38,531.895933,24.0,0.0,0.0,0,0,24.0,1.0,0.0,0,0.0
3,S1,H5,processor,38,531.895933,24.0,0.0,0.0,0,0,24.0,1.0,0.0,0,0.0
4,S1,H3,grapple_skidder,38,1480.641393,24.0,0.0,53.24,0,0,24.0,1.0,0.0,0,0.0
4,S1,H4,processor,38,531.895933,24.0,0.0,0.0,0,0,24.0,1.0,0.0,0,0.0
4,S1,H5,processor,38,531.895933,24.0,0.0,0.0,0,0,24.0,1.0,0.0,0,0.0
4,S1,H6,processor,38,279.2062649999998,24.0,0.0,0.0,0,0,24.0,1.0,0.0,0,0.0
4,S1,H7,loader,38,802.411354,24.0,0.0,0.0,0,0,24.0,1.0,0.0,0,0.0
5,S1,H3,grapple_skidder,38,527.271362,24.0,0.0,0.0,0,0,24.0,1.0,0.0,0,0.0
5,S1,H4,processor,38,569.826226,24.0,0.0,53.24,0,0,24.0,1.0,0.0,0,0.0
5,S1,H5,processor,38,569.826226,24.0,0.0,53.24,0,0,24.0,1.0,0.0,0,0.0
5,S1,H7,loader,38,802.411354,24.0,0.0,0.0,0,0,24.0,1.0,0.0,0,0.0
5,S1,H8,loader,38,710.1767093911935,21.25303769763687,2.74696230236313,0.0,0,0,24.0,0.8855432374015363,2.74696230236313,1,0.0
6,S1,H4,processor,38,569.826226,24.0,0.0,0.0,0,0,24.0,1.0,0.0,0,0.0
6,S1,H5,processor,38,298.434077,24.0,0.0,0.0,0,0,24.0,1.0,0.0,0,0.0
6,S1,H7,loader,38,937.184825,24.0,0.0,53.24,0,0,24.0,1.0,0.0,0,0.0
7,S1,H7,loader,38,937.184825,24.0,0.0,0.0,0,0,24.0,1.0,0.0,0,0.0
7,S1,H8,loader,38,133.54310499999997,24.0,0.0,53.24,0,0,24.0,1.0,0.0,0,0.0
1,S1,H1,feller_buncher,39,1220.906942,24.0,0.0,0.0,0,0,24.0,1.0,0.0,0,0.0
1,S1,H2,feller_buncher,39,1185.8830549999998,24.0,0.0,0.0,0,0,24.0,1.0,0.0,0,0.0
2,S1,H1,feller_buncher,39,1194.708925,24.0,0.0,53.24,0,0,24.0,1.0,0.0,0,0.0
2,S1,H2,feller_buncher,39,813.2038300000002,24.0,0.0,53.24,0,0,24.0,1.0,0.0,0,0.0
2,S1,H3,grapple_skidder,39,1035.6342288663477,18.654905663765057,5.3450943362349435,0.0,0,0,24.0,0.7772877359902107,5.3450943362349435,1,0.0
3,S1,H3,grapple_skidder,39,1074.4208099999998,24.0,0.0,0.0,0,0,24.0,1.0,0.0,0,0.0
3,S1,H4,processor,39,531.895933,24.0,0.0,0.0,0,0,24.0,1.0,0.0,0,0.0
3,S1,H5,processor,39,503.7382958663477,24.0,0.0,0.0,1,0,24.0,1.0,0.0,0,0.0
4,S1,H3,grapple_skidder,39,1480.641393,24.0,0.0,53.24,0,0,24.0,1.0,0.0,0,0.0
4,S1,H4,processor,39,531.895933,24.0,0.0,0.0,0,0,24.0,1.0,0.0,0,0.0
4,S1,H5,processor,39,531.895933,24.0,0.0,0.0,0,0,24.0,1.0,0.0,0,0.0
4,S1,H6,processor,39,10.62894399999982,24.0,0.0,0.0,1,0,24.0,1.0,0.0,0,0.0
4,S1,H7,loader,39,802.411354,24.0,0.0,0.0,0,0,24.0,1.0,0.0,0,0.0
5,S1,H3,grapple_skidder,39,448.67175240701994,20.42235333419925,3.5776466658007493,0.0,0,0,24.0,0.8509313889249688,3.5776466658007484,1,0.0
5,S1,H4,processor,39,569.826226,24.0,0.0,53.24,0,0,24.0,1.0,0.0,0,0.0
5,S1,H5,processor,39,569.826226,24.0,0.0,53.24,0,0,24.0,1.0,0.0,0,0.0
5,S1,H7,loader,39,802.411354,24.0,0.0,0.0,0,0,24.0,1.0,0.0,0,0.0
5,S1,H8,loader,39,505.2323308663475,24.0,0.0,0.0,1,0,24.0,1.0,0.0,0,0.0
6,S1,H4,processor,39,488.04767346026597,20.555642454839177,3.4443575451608233,0.0,0,0,24.0,0.8564851022849657,3.4443575451608246,1,0.0
6,S1,H5,processor,39,298.434077,24.0,0.0,0.0,0,0,24.0,1.0,0.0,0,0.0
6,S1,H7,loader,39,937.184825,24.0,0.0,53.24,0,0,24.0,1.0,0.0,0,0.0
7,S1,H7,loader,39,937.184825,24.0,0.0,0.0,0,0,24.0,1.0,0.0,0,0.0
7,S1,H8,loader,39,51.76455246026592,24.0,0.0,53.24,1,0,24.0,1.0,0.0,0,0.0
1,S1,H1,feller_buncher,40,1220.906942,24.0,0.0,0.0,0,0,24.0,1.0,0.0,0,0.0
1,S1,H2,feller_buncher,40,919.6358728680617,18.61166736110711,5.388332638892891,0.0,0,0,24.0,0.7754861400461296,5.3883326388928925,1,0.0
2,S1,H1,feller_buncher,40,1194.708925,24.0,0.0,53.24,0,0,24.0,1.0,0.0,0,0.0
2,S1,H2,feller_buncher,40,813.2038300000002,24.0,0.0,53.24,0,0,24.0,1.0,0.0,0,0.0
2,S1,H3,grapple_skidder,40,1332.369187,24.0,0.0,0.0,0,0,24.0,1.0,0.0,0,0.0
3,S1,H3,grapple_skidder,40,808.1736278680617,24.0,0.0,0.0,1,0,24.0,1.0,0.0,0,0.0
3,S1,H4,processor,40,531.895933,24.0,0.0,0.0,0,0,24.0,1.0,0.0,0,0.0
3,S1,H5,processor,40,531.895933,24.0,0.0,0.0,0,0,24.0,1.0,0.0,0,0.0
4,S1,H3,grapple_skidder,40,1480.641393,24.0,0.0,53.24,0,0,24.0,1.0,0.0,0,0.0
4,S1,H4,processor,40,531.895933,24.0,0.0,0.0,0,0,24.0,1.0,0.0,0,0.0
4,S1,H5,processor,40,531.895933,24.0,0.0,0.0,0,0,24.0,1.0,0.0,0,0.0
4,S1,H6,processor,40,12.959082868061614,24.0,0.0,0.0,1,0,24.0,1.0,0.0,0,0.0
4,S1,H7,loader,40,802.411354,24.0,0.0,0.0,0,0,24.0,1.0,0.0,0,0.0
5,S1,H3,grapple_skidder,40,527.271362,24.0,0.0,0.0,0,0,24.0,1.0,0.0,0,0.0
5,S1,H4,processor,40,569.826226,24.0,0.0,53.24,0,0,24.0,1.0,0.0,0,0.0
5,S1,H5,processor,40,569.826226,24.0,0.0,53.24,0,0,24.0,1.0,0.0,0,0.0
5,S1,H7,loader,40,802.411354,24.0,0.0,0.0,0,0,24.0,1.0,0.0,0,0.0
5,S1,H8,loader,40,535.7201068680619,24.0,0.0,0.0,1,0,24.0,1.0,0.0,0,0.0
6,S1,H4,processor,40,569.826226,24.0,0.0,0.0,0,0,24.0,1.0,0.0,0,0.0
6,S1,H5,processor,40,298.434077,24.0,0.0,0.0,0,0,24.0,1.0,0.0,0,0.0
6,S1,H7,loader,40,937.184825,24.0,0.0,53.24,0,0,24.0,1.0,0.0,0,0.0
7,S1,H7,loader,40,937.184825,24.0,0.0,0.0,0,0,24.0,1.0,0.0,0,0.0
7,S1,H8,loader,40,133.54310499999997,24.0,0.0,53.24,0,0,24.0,1.0,0.0,0,0.0
1,S1,H1,feller_buncher,41,1220.906942,24.0,0.0,0.0,0,0,24.0,1.0,0.0,0,0.0
1,S1,H2,feller_buncher,41,1185.8830549999998,24.0,0.0,0.0,0,0,24.0,1.0,0.0,0,0.0
2,S1,H1,feller_buncher,41,1194.708925,24.0,0.0,53.24,0,0,24.0,1.0,0.0,0,0.0
2,S1,H2,feller_buncher,41,813.2038300000002,24.0,0.0,53.24,0,0,24.0,1.0,0.0,0,0.0
2,S1,H3,grapple_skidder,41,1332.369187,24.0,0.0,0.0,0,0,24.0,1.0,0.0,0,0.0
3,S1,H3,grapple_skidder,41,1074.4208099999998,24.0,0.0,0.0,0,0,24.0,1.0,0.0,0,0.0
3,S1,H4,processor,41,531.895933,24.0,0.0,0.0,0,0,24.0,1.0,0.0,0,0.0
3,S1,H5,processor,41,373.8770827831332,16.869935320214594,7.130064679785406,0.0,0,0,24.0,0.7029139716756081,7.1300646797854075,1,0.0
4,S1,H3,grapple_skidder,41,1480.641393,24.0,0.0,53.24,0,0,24.0,1.0,0.0,0,0.0
4,S1,H4,processor,41,531.895933,24.0,0.0,0.0,0,0,24.0,1.0,0.0,0,0.0
4,S1,H5,processor,41,531.895933,24.0,0.0,0.0,0,0,24.0,1.0,0.0,0,0.0
4,S1,H6,processor,41,242.87453809862342,20.876998997020955,3.123001002979045,0.0,0,0,24.0,0.8698749582092065,3.1230010029790467,1,0.0
4,S1,H7,loader,41,802.411354,24.0,0.0,0.0,0,0,24.0,1.0,0.0,0,0.0
5,S1,H3,grapple_skidder,41,369.08995339999996,24.0,0.0,0.0,0,0,24.0,1.0,0.0,0,0.3
5,S1,H4,processor,41,398.8783582,24.0,0.0,53.24,0,0,24.0,1.0,0.0,0,0.3
5,S1,H5,processor,41,398.8783582,24.0,0.0,53.24,0,0,24.0,1.0,0.0,0,0.3
5,S1,H7,loader,41,561.6879478,24.0,0.0,0.0,0,0,24.0,1.0,0.0,0,0.3
5,S1,H8,loader,41,561.3771023,24.0,0.0,0.0,0,0,24.0,1.0,0.0,0,0.3
6,S1,H4,processor,41,569.826226,24.0,0.0,0.0,0,0,24.0,1.0,0.0,0,0.0
6,S1,H5,processor,41,298.434077,24.0,0.0,0.0,0,0,24.0,1.0,0.0,0,0.0
6,S1,H7,loader,41,797.7567164,24.0,0.0,53.24,1,0,24.0,1.0,0.0,0,0.0
7,S1,H7,loader,41,868.260303,24.0,0.0,0.0,1,0,24.0,1.0,0.0,0,0.0
7,S1,H8,loader,41,0.0,24.0,0.0,53.24,1,0,24.0,1.0,0.0,0,0.0
1,S1,H1,feller_buncher,42,890.1506025416382,24.0,0.0,0.0,0,0,24.0,1.0,0.0,0,0.0
1,S1,H2,feller_buncher,42,864.6150493852859,24.0,0.0,0.0,0,0,24.0,1.0,0.0,0,0.0
2,S1,H1,feller_buncher,42,646.3409007578679,24.0,0.0,53.24,0,0,24.0,1.0,0.0,0,0.0
2,S1,H2,feller_buncher,42,439.9455674794998,24.0,0.0,53.24,0,0,24.0,1.0,0.0,0,0.0
2,S1,H3,grapple_skidder,42,1332.369187,24.0,0.0,0.0,0,0,24.0,1.0,0.0,0,0.0
3,S1,H3,grapple_skidder,42,422.3964649269242,24.0,0.0,0.0,1,0,24.0,1.0,0.0,0,0.0
3,S1,H4,processor,42,531.895933,24.0,0.0,0.0,0,0,24.0,1.0,0.0,0,0.0
3,S1,H5,processor,42,531.895933,24.0,0.0,0.0,0,0,24.0,1.0,0.0,0,0.0
4,S1,H3,grapple_skidder,42,1036.4489751,24.0,0.0,53.24,0,0,24.0,1.0,0.0,0,0.3
4,S1,H4,processor,42,372.3271531,24.0,0.0,0.0,0,0,24.0,1.0,0.0,0,0.3
4,S1,H5,processor,42,318.6466328269242,24.0,0.0,0.0,1,0,24.0,1.0,0.0,0,0.3
4,S1,H6,processor,42,0.0,24.0,0.0,0.0,1,0,24.0,1.0,0.0,0,0.3
4,S1,H7,loader,42,561.6879478,24.0,0.0,0.0,0,0,24.0,1.0,0.0,0,0.3
5,S1,H3,grapple_skidder,42,49.837493137367574,24.0,0.0,0.0,1,0,24.0,1.0,0.0,0,0.0
5,S1,H4,processor,42,569.826226,24.0,0.0,53.24,0,0,24.0,1.0,0.0,0,0.0
5,S1,H5,processor,42,466.6227491000001,24.0,0.0,53.24,1,0,24.0,1.0,0.0,0,0.0
5,S1,H7,loader,42,802.411354,24.0,0.0,0.0,0,0,24.0,1.0,0.0,0,0.0
5,S1,H8,loader,42,390.6663501269244,24.0,0.0,0.0,1,0,24.0,1.0,0.0,0,0.0
6,S1,H4,processor,42,49.837493137367574,24.0,0.0,0.0,1,0,24.0,1.0,0.0,0,0.0
6,S1,H5,processor,42,0.0,24.0,0.0,0.0,1,0,24.0,1.0,0.0,0,0.0
6,S1,H7,loader,42,937.184825,24.0,0.0,53.24,0,0,24.0,1.0,0.0,0,0.0
7,S1,H7,loader,42,149.10164323736763,24.0,0.0,0.0,1,0,24.0,1.0,0.0,0,0.3
7,S1,H8,loader,42,0.0,24.0,0.0,53.24,1,0,24.0,1.0,0.0,0,0.3
1,S1,H1,feller_buncher,43,1220.906942,24.0,0.0,0.0,0,0,24.0,1.0,0.0,0,0.0
1,S1,H2,feller_buncher,43,1185.8830549999998,24.0,0.0,0.0,0,0,24.0,1.0,0.0,0,0.0
2,S1,H1,feller_buncher,43,1194.708925,24.0,0.0,53.24,0,0,24.0,1.0,0.0,0,0.0
2,S1,H2,feller_buncher,43,813.2038300000002,24.0,0.0,53.24,0,0,24.0,1.0,0.0,0,0.0
2,S1,H3,grapple_skidder,43,1332.369187,24.0,0.0,0.0,0,0,24.0,1.0,0.0,0,0.0
3,S1,H3,grapple_skidder,43,1074.4208099999998,24.0,0.0,0.0,0,0,24.0,1.0,0.0,0,0.0
3,S1,H4,processor,43,531.895933,24.0,0.0,0.0,0,0,24.0,1.0,0.0,0,0.0
3,S1,H5,processor,43,531.895933,24.0,0.0,0.0,0,0,24.0,1.0,0.0,0,0.0
4,S1,H3,grapple_skidder,43,1480.641393,24.0,0.0,53.24,0,0,24.0,1.0,0.0,0,0.0
4,S1,H4,processor,43,531.895933,24.0,0.0,0.0,0,0,24.0,1.0,0.0,0,0.0
4,S1,H5,processor,43,531.895933,24.0,0.0,0.0,0,0,24.0,1.0,0.0,0,0.0
4,S1,H6,processor,43,279.2062649999998,24.0,0.0,0.0,0,0,24.0,1.0,0.0,0,0.0
4,S1,H7,loader,43,802.411354,24.0,0.0,0.0,0,0,24.0,1.0,0.0,0,0.0
5,S1,H3,grapple_skidder,43,369.08995339999996,24.0,0.0,0.0,0,0,24.0,1.0,0.0,0,0.3
5,S1,H4,processor,43,398.8783582,24.0,0.0,53.24,0,0,24.0,1.0,0.0,0,0.3
5,S1,H5,processor,43,291.1293194009126,17.516878321381697,6.4831216786183035,53.24,0,0,24.0,0.7298699300575707,6.4831216786183035,1,0.3
5,S1,H7,loader,43,401.6250116661116,17.160774621816945,6.839225378183055,0.0,0,0,24.0,0.7150322759090394,6.839225378183055,1,0.3
5,S1,H8,loader,43,561.3771023,24.0,0.0,0.0,0,0,24.0,1.0,0.0,0,0.3
6,S1,H4,processor,43,569.826226,24.0,0.0,0.0,0,0,24.0,1.0,0.0,0,0.0
6,S1,H5,processor,43,298.434077,24.0,0.0,0.0,0,0,24.0,1.0,0.0,0,0.0
6,S1,H7,loader,43,690.0076776009125,24.0,0.0,53.24,1,0,24.0,1.0,0.0,0,0.0
7,S1,H7,loader,43,868.260303,24.0,0.0,0.0,1,0,24.0,1.0,0.0,0,0.0
7,S1,H8,loader,43,0.0,24.0,0.0,53.24,1,0,24.0,1.0,0.0,0,0.0
1,S1,H1,feller_buncher,44,1220.906942,24.0,0.0,0.0,0,0,24.0,1.0,0.0,0,0.0
1,S1,H2,feller_buncher,44,1185.8830549999998,24.0,0.0,0.0,0,0,24.0,1.0,0.0,0,0.0
2,S1,H1,feller_buncher,44,1194.708925,24.0,0.0,53.24,0,0,24.0,1.0,0.0,0,0.0
2,S1,H2,feller_buncher,44,813.2038300000002,24.0,0.0,53.24,0,0,24.0,1.0,0.0,0,0.0
2,S1,H3,grapple_skidder,44,1332.369187,24.0,0.0,0.0,0,0,24.0,1.0,0.0,0,0.0
3,S1,H3,grapple_skidder,44,1074.4208099999998,24.0,0.0,0.0,0,0,24.0,1.0,0.0,0,0.0
3,S1,H4,processor,44,531.895933,24.0,0.0,0.0,0,0,24.0,1.0,0.0,0,0.0
3,S1,H5,processor,44,531.895933,24.0,0.0,0.0,0,0,24.0,1.0,0.0,0,0.0
4,S1,H3,grapple_skidder,44,1480.641393,24.0,0.0,53.24,0,0,24.0,1.0,0.0,0,0.0
4,S1,H4,processor,44,531.895933,24.0,0.0,0.0,0,0,24.0,1.0,0.0,0,0.0
4,S1,H5,processor,44,531.895933,24.0,0.0,0.0,0,0,24.0,1.0,0.0,0,0.0
4,S1,H6,processor,44,279.2062649999998,24.0,0.0,0.0,0,0,24.0,1.0,0.0,0,0.0
4,S1,H7,loader,44,802.411354,24.0,0.0,0.0,0,0,24.0,1.0,0.0,0,0.0
5,S1,H3,grapple_skidder,44,527.271362,24.0,0.0,0.0,0,0,24.0,1.0,0.0,0,0.0
5,S1,H4,processor,44,569.826226,24.0,0.0,53.24,0,0,24.0,1.0,0.0,0,0.0
5,S1,H5,processor,44,569.826226,24.0,0.0,53.24,0,0,24.0,1.0,0.0,0,0.0
5,S1,H7,loader,44,802.411354,24.0,0.0,0.0,0,0,24.0,1.0,0.0,0,0.0
5,S1,H8,loader,44,801.967289,24.0,0.0,0.0,0,0,24.0,1.0,0.0,0,0.0
6,S1,H4,processor,44,569.826226,24.0,0.0,0.0,0,0,24.0,1.0,0.0,0,0.0
6,S1,H5,processor,44,298.434077,24.0,0.0,0.0,0,0,24.0,1.0,0.0,0,0.0
6,S1,H7,loader,44,937.184825,24.0,0.0,53.24,0,0,24.0,1.0,0.0,0,0.0
7,S1,H7,loader,44,937.184825,24.0,0.0,0.0,0,0,24.0,1.0,0.0,0,0.0
7,S1,H8,loader,44,133.54310499999997,24.0,0.0,53.24,0,0,24.0,1.0,0.0,0,0.0
1,S1,H1,feller_buncher,45,1220.906942,24.0,0.0,0.0,0,0,24.0,1.0,0.0,0,0.0
1,S1,H2,feller_buncher,45,1014.0036381350812,20.521490051345705,3.4785099486542954,0.0,0,0,24.0,0.8550620854727377,3.478509948654295,1,0.0
2,S1,H1,feller_buncher,45,1194.708925,24.0,0.0,53.24,0,0,24.0,1.0,0.0,0,0.0
2,S1,H2,feller_buncher,45,813.2038300000002,24.0,0.0,53.24,0,0,24.0,1.0,0.0,0,0.0
2,S1,H3,grapple_skidder,45,1332.369187,24.0,0.0,0.0,0,0,24.0,1.0,0.0,0,0.0
3,S1,H3,grapple_skidder,45,752.0945669999999,24.0,0.0,0.0,0,0,24.0,1.0,0.0,0,0.3
3,S1,H4,processor,45,372.3271531,24.0,0.0,0.0,0,0,24.0,1.0,0.0,0,0.3
3,S1,H5,processor,45,372.3271531,24.0,0.0,0.0,0,0,24.0,1.0,0.0,0,0.3
4,S1,H3,grapple_skidder,45,1480.641393,24.0,0.0,53.24,0,0,24.0,1.0,0.0,0,0.0
4,S1,H4,processor,45,531.895933,24.0,0.0,0.0,0,0,24.0,1.0,0.0,0,0.0
4,S1,H5,processor,45,531.895933,24.0,0.0,0.0,0,0,24.0,1.0,0.0,0,0.0
4,S1,H6,processor,45,215.1171655275539,18.491031971153287,5.508968028846713,0.0,0,0,24.0,0.7704596654647203,5.508968028846713,1,0.0
4,S1,H7,loader,45,744.6543062,24.0,0.0,0.0,1,0,24.0,1.0,0.0,0,0.0
5,S1,H3,grapple_skidder,45,527.271362,24.0,0.0,0.0,0,0,24.0,1.0,0.0,0,0.0
5,S1,H4,processor,45,505.5098855734262,21.291117713073156,2.708882286926844,53.24,0,0,24.0,0.8871299047113815,2.708882286926843,1,0.0
5,S1,H5,processor,45,569.826226,24.0,0.0,53.24,0,0,24.0,1.0,0.0,0,0.0
5,S1,H7,loader,45,802.411354,24.0,0.0,0.0,0,0,24.0,1.0,0.0,0,0.0
5,S1,H8,loader,45,476.49767752755395,24.0,0.0,0.0,1,0,24.0,1.0,0.0,0,0.0
6,S1,H4,processor,45,569.826226,24.0,0.0,0.0,0,0,24.0,1.0,0.0,0,0.0
6,S1,H5,processor,45,298.434077,24.0,0.0,0.0,0,0,24.0,1.0,0.0,0,0.0
6,S1,H7,loader,45,937.184825,24.0,0.0,53.24,0,0,24.0,1.0,0.0,0,0.0
7,S1,H7,loader,45,937.184825,24.0,0.0,0.0,0,0,24.0,1.0,0.0,0,0.0
7,S1,H8,loader,45,69.22676457342618,24.0,0.0,53.24,1,0,24.0,1.0,0.0,0,0.0
1,S1,H1,feller_buncher,46,1220.906942,24.0,0.0,0.0,0,0,24.0,1.0,0.0,0,0.0
1,S1,H2,feller_buncher,46,1185.8830549999998,24.0,0.0,0.0,0,0,24.0,1.0,0.0,0,0.0
2,S1,H1,feller_buncher,46,1194.708925,24.0,0.0,53.24,0,0,24.0,1.0,0.0,0,0.0
2,S1,H2,feller_buncher,46,813.2038300000002,24.0,0.0,53.24,0,0,24.0,1.0,0.0,0,0.0
2,S1,H3,grapple_skidder,46,1332.369187,24.0,0.0,0.0,0,0,24.0,1.0,0.0,0,0.0
3,S1,H3,grapple_skidder,46,1074.4208099999998,24.0,0.0,0.0,0,0,24.0,1.0,0.0,0,0.0
3,S1,H4,processor,46,531.895933,24.0,0.0,0.0,0,0,24.0,1.0,0.0,0,0.0
3,S1,H5,processor,46,531.895933,24.0,0.0,0.0,0,0,24.0,1.0,0.0,0,0.0
4,S1,H3,grapple_skidder,46,1480.641393,24.0,0.0,53.24,0,0,24.0,1.0,0.0,0,0.0
4,S1,H4,processor,46,531.895933,24.0,0.0,0.0,0,0,24.0,1.0,0.0,0,0.0
4,S1,H5,processor,46,531.895933,24.0,0.0,0.0,0,0,24.0,1.0,0.0,0,0.0
4,S1,H6,processor,46,279.2062649999998,24.0,0.0,0.0,0,0,24.0,1.0,0.0,0,0.0
4,S1,H7,loader,46,802.411354,24.0,0.0,0.0,0,0,24.0,1.0,0.0,0,0.0
5,S1,H3,grapple_skidder,46,527.271362,24.0,0.0,0.0,0,0,24.0,1.0,0.0,0,0.0
5,S1,H4,processor,46,569.826226,24.0,0.0,53.24,0,0,24.0,1.0,0.0,0,0.0
5,S1,H5,processor,46,569.826226,24.0,0.0,53.24,0,0,24.0,1.0,0.0,0,0.0
5,S1,H7,loader,46,802.411354,24.0,0.0,0.0,0,0,24.0,1.0,0.0,0,0.0
5,S1,H8,loader,46,801.967289,24.0,0.0,0.0,0,0,24.0,1.0,0.0,0,0.0
6,S1,H4,processor,46,569.826226,24.0,0.0,0.0,0,0,24.0,1.0,0.0,0,0.0
6,S1,H5,processor,46,298.434077,24.0,0.0,0.0,0,0,24.0,1.0,0.0,0,0.0
6,S1,H7,loader,46,937.184825,24.0,0.0,53.24,0,0,24.0,1.0,0.0,0,0.0
7,S1,H7,loader,46,937.184825,24.0,0.0,0.0,0,0,24.0,1.0,0.0,0,0.0
7,S1,H8,loader,46,133.54310499999997,24.0,0.0,53.24,0,0,24.0,1.0,0.0,0,0.0
1,S1,H1,feller_buncher,47,1220.906942,24.0,0.0,0.0,0,0,24.0,1.0,0.0,0,0.0
1,S1,H2,feller_buncher,47,1185.8830549999998,24.0,0.0,0.0,0,0,24.0,1.0,0.0,0,0.0
2,S1,H1,feller_buncher,47,1194.708925,24.0,0.0,53.24,0,0,24.0,1.0,0.0,0,0.0
2,S1,H2,feller_buncher,47,813.2038300000002,24.0,0.0,53.24,0,0,24.0,1.0,0.0,0,0.0
2,S1,H3,grapple_skidder,47,1332.369187,24.0,0.0,0.0,0,0,24.0,1.0,0.0,0,0.0
3,S1,H3,grapple_skidder,47,513.0822962439934,24.0,0.0,0.0,0,0,24.0,1.0,0.0,0,0.0
3,S1,H4,processor,47,204.66804707699168,19.338465026718662,4.661534973281338,0.0,0,0,24.0,0.8057693761132776,4.661534973281337,1,0.0
3,S1,H5,processor,47,254.00325843137878,24.0,0.0,0.0,0,0,24.0,1.0,0.0,0,0.0
4,S1,H3,grapple_skidder,47,1480.641393,24.0,0.0,53.24,0,0,24.0,1.0,0.0,0,0.0
4,S1,H4,processor,47,531.895933,24.0,0.0,0.0,0,0,24.0,1.0,0.0,0,0.0
4,S1,H5,processor,47,531.895933,24.0,0.0,0.0,0,0,24.0,1.0,0.0,0,0.0
4,S1,H6,processor,47,279.2062649999998,24.0,0.0,0.0,0,0,24.0,1.0,0.0,0,0.0
4,S1,H7,loader,47,458.67130550837044,24.0,0.0,0.0,1,0,24.0,1.0,0.0,0,0.0
5,S1,H3,grapple_skidder,47,527.271362,24.0,0.0,0.0,0,0,24.0,1.0,0.0,0,0.0
5,S1,H4,processor,47,453.0123333444875,19.080020371452154,4.919979628547846,53.24,0,0,24.0,0.7950008488105064,4.919979628547845,1,0.0
5,S1,H5,processor,47,569.826226,24.0,0.0,53.24,0,0,24.0,1.0,0.0,0,0.0
5,S1,H7,loader,47,802.411354,24.0,0.0,0.0,0,0,24.0,1.0,0.0,0,0.0
5,S1,H8,loader,47,540.5867769999999,24.0,0.0,0.0,1,0,24.0,1.0,0.0,0,0.0
6,S1,H4,processor,47,569.826226,24.0,0.0,0.0,0,0,24.0,1.0,0.0,0,0.0
6,S1,H5,processor,47,298.434077,24.0,0.0,0.0,0,0,24.0,1.0,0.0,0,0.0
6,S1,H7,loader,47,937.184825,24.0,0.0,53.24,0,0,24.0,1.0,0.0,0,0.0
7,S1,H7,loader,47,937.184825,24.0,0.0,0.0,0,0,24.0,1.0,0.0,0,0.0
7,S1,H8,loader,47,16.72921234448745,24.0,0.0,53.24,1,0,24.0,1.0,0.0,0,0.0
1,S1,H1,feller_buncher,48,1220.906942,24.0,0.0,0.0,0,0,24.0,1.0,0.0,0,0.0
1,S1,H2,feller_buncher,48,1185.8830549999998,24.0,0.0,0.0,0,0,24.0,1.0,0.0,0,0.0
2,S1,H1,feller_buncher,48,1194.708925,24.0,0.0,53.24,0,0,24.0,1.0,0.0,0,0.0
2,S1,H2,feller_buncher,48,813.2038300000002,24.0,0.0,53.24,0,0,24.0,1.0,0.0,0,0.0
2,S1,H3,grapple_skidder,48,1332.369187,24.0,0.0,0.0,0,0,24.0,1.0,0.0,0,0.0
3,S1,H3,grapple_skidder,48,606.8728409741653,24.0,0.0,0.0,0,0,24.0,1.0,0.0,0,0.0
3,S1,H4,processor,48,300.43460900791223,24.0,0.0,0.0,0,0,24.0,1.0,0.0,0,0.0
3,S1,H5,processor,48,300.43460900791223,24.0,0.0,0.0,0,0,24.0,1.0,0.0,0,0.0
4,S1,H3,grapple_skidder,48,1480.641393,24.0,0.0,53.24,0,0,24.0,1.0,0.0,0,0.0
4,S1,H4,processor,48,531.895933,24.0,0.0,0.0,0,0,24.0,1.0,0.0,0,0.0
4,S1,H5,processor,48,531.895933,24.0,0.0,0.0,0,0,24.0,1.0,0.0,0,0.0
4,S1,H6,processor,48,274.58094395834087,24.0,0.0,0.0,1,0,24.0,1.0,0.0,0,0.0
4,S1,H7,loader,48,600.8692180158245,24.0,0.0,0.0,1,0,24.0,1.0,0.0,0,0.0
5,S1,H3,grapple_skidder,48,527.271362,24.0,0.0,0.0,0,0,24.0,1.0,0.0,0,0.0
5,S1,H4,processor,48,569.826226,24.0,0.0,53.24,0,0,24.0,1.0,0.0,0,0.0
5,S1,H5,processor,48,569.826226,24.0,0.0,53.24,0,0,24.0,1.0,0.0,0,0.0
5,S1,H7,loader,48,802.411354,24.0,0.0,0.0,0,0,24.0,1.0,0.0,0,0.0
5,S1,H8,loader,48,535.9614559583409,24.0,0.0,0.0,1,0,24.0,1.0,0.0,0,0.0
6,S1,H4,processor,48,569.826226,24.0,0.0,0.0,0,0,24.0,1.0,0.0,0,0.0
6,S1,H5,processor,48,298.434077,24.0,0.0,0.0,0,0,24.0,1.0,0.0,0,0.0
6,S1,H7,loader,48,937.184825,24.0,0.0,53.24,0,0,24.0,1.0,0.0,0,0.0
7,S1,H7,loader,48,937.184825,24.0,0.0,0.0,0,0,24.0,1.0,0.0,0,0.0
7,S1,H8,loader,48,133.54310499999997,24.0,0.0,53.24,0,0,24.0,1.0,0.0,0,0.0
1,S1,H1,feller_buncher,49,1220.906942,24.0,0.0,0.0,0,0,24.0,1.0,0.0,0,0.0
1,S1,H2,feller_buncher,49,1185.8830549999998,24.0,0.0,0.0,0,0,24.0,1.0,0.0,0,0.0
2,S1,H1,feller_buncher,49,1194.708925,24.0,0.0,53.24,0,0,24.0,1.0,0.0,0,0.0
2,S1,H2,feller_buncher,49,813.2038300000002,24.0,0.0,53.24,0,0,24.0,1.0,0.0,0,0.0
2,S1,H3,grapple_skidder,49,1332.369187,24.0,0.0,0.0,0,0,24.0,1.0,0.0,0,0.0
3,S1,H3,grapple_skidder,49,1074.4208099999998,24.0,0.0,0.0,0,0,24.0,1.0,0.0,0,0.0
3,S1,H4,processor,49,531.895933,24.0,0.0,0.0,0,0,24.0,1.0,0.0,0,0.0
3,S1,H5,processor,49,531.895933,24.0,0.0,0.0,0,0,24.0,1.0,0.0,0,0.0
4,S1,H3,grapple_skidder,49,1036.4489751,24.0,0.0,53.24,0,0,24.0,1.0,0.0,0,0.3
4,S1,H4,processor,49,159.78678316222226,24.0,0.0,0.0,0,0,24.0,1.0,0.0,0,0.3
4,S1,H5,processor,49,124.1659796509794,18.64974970175162,5.35025029824838,0.0,0,0,24.0,0.7770729042396508,5.350250298248381,1,0.3
4,S1,H6,processor,49,83.87631518718331,24.0,0.0,0.0,0,0,24.0,1.0,0.0,0,0.3
4,S1,H7,loader,49,241.05228311362774,24.0,0.0,0.0,0,0,24.0,1.0,0.0,0,0.3
5,S1,H3,grapple_skidder,49,527.271362,24.0,0.0,0.0,0,0,24.0,1.0,0.0,0,0.0
5,S1,H4,processor,49,569.826226,24.0,0.0,53.24,0,0,24.0,1.0,0.0,0,0.0
5,S1,H5,processor,49,466.6227491000001,24.0,0.0,53.24,1,0,24.0,1.0,0.0,0,0.0
5,S1,H7,loader,49,802.411354,24.0,0.0,0.0,0,0,24.0,1.0,0.0,0,0.0
5,S1,H8,loader,49,388.1573068867573,24.0,0.0,0.0,1,0,24.0,1.0,0.0,0,0.0
6,S1,H4,processor,49,527.271362,24.0,0.0,0.0,1,0,24.0,1.0,0.0,0,0.0
6,S1,H5,processor,49,0.0,24.0,0.0,0.0,1,0,24.0,1.0,0.0,0,0.0
6,S1,H7,loader,49,937.184825,24.0,0.0,53.24,0,0,24.0,1.0,0.0,0,0.0
7,S1,H7,loader,49,626.5355121,24.0,0.0,0.0,1,0,24.0,1.0,0.0,0,0.0
7,S1,H8,loader,49,0.0,24.0,0.0,53.24,1,0,24.0,1.0,0.0,0,0.0
