day,sample_id,production_units,total_hours,idle_hours,mobilisation_cost,completed_blocks,blackout_conflicts,sequencing_violations,available_hours,utilisation_ratio,downtime_hours,downtime_events,weather_severity_total
1,0,2406.789997,48.0,168.0,0.0,0,0,0,216.0,0.2222222222222222,0.0,0,0.0
2,0,3340.281942,72.0,144.0,106.48,0,0,0,216.0,0.3333333333333333,0.0,0,0.0
3,0,1781.1032813000002,72.0,144.0,53.24,0,0,0,216.0,0.3333333333333333,0.0,0,0.8999999999999999
4,0,2308.3746433,96.0,120.0,106.48,0,0,2,216.0,0.4444444444444444,0.0,0,0.0
5,0,2538.876997,96.0,120.0,106.48,0,0,2,216.0,0.4444444444444444,0.0,0,0.0
6,0,1969.5336430999998,120.0,96.0,106.48,0,0,2,216.0,0.5555555555555556,0.0,0,0.0
7,0,1342.9981309999998,48.0,168.0,106.48,0,0,1,216.0,0.2222222222222222,0.0,0,0.0
1,1,2406.789997,48.0,168.0,0.0,0,0,0,216.0,0.2222222222222222,0.0,0,0.0
2,1,3340.281942,72.0,144.0,106.48,0,0,0,216.0,0.3333333333333333,0.0,0,0.0
3,1,2544.4332590000004,72.0,144.0,53.24,0,0,0,216.0,0.3333333333333333,0.0,0,0.0
4,1,2469.335168,96.0,120.0,106.48,0,0,0,216.0,0.4444444444444444,0.0,0,0.0
5,1,2879.865938,96.0,120.0,106.48,0,0,0,216.0,0.4444444444444444,0.0,0,0.0
6,1,2413.7260609999994,120.0,96.0,106.48,1,0,0,216.0,0.5555555555555556,0.0,0,0.0
7,1,1604.378643,48.0,168.0,106.48,1,0,0,216.0,0.2222222222222222,0.0,0,0.0
1,2,1684.7529978999996,48.0,168.0,0.0,0,0,0,216.0,0.2222222222222222,0.0,0,0.6
2,2,3340.281942,72.0,144.0,106.48,0,0,0,216.0,0.3333333333333333,0.0,0,0.0
3,2,2544.4332590000004,72.0,144.0,53.24,0,0,0,216.0,0.3333333333333333,0.0,0,0.0
4,2,2469.335168,96.0,120.0,106.48,0,0,0,216.0,0.4444444444444444,0.0,0,0.0
5,2,2157.8289388999997,96.0,120.0,106.48,0,0,1,216.0,0.4444444444444444,0.0,0,0.0
6,2,1691.6890618999996,113.86540888501438,102.13459111498562,106.48,1,0,2,216.0,0.5271546707639554,6.134591114985632,1,0.0
7,2,882.3416438999997,42.903589939279506,173.0964100607205,106.48,0,0,1,216.0,0.19862773120036809,5.096410060720495,1,0.0
1,3,2253.3172937067043,44.98310759622244,171.01689240377755,0.0,0,0,0,216.0,0.20825512776028907,3.016892403777561,1,0.0
2,3,2675.9467574832315,72.0,144.0,106.48,0,0,0,216.0,0.3333333333333333,0.0,0,0.0
3,3,2407.3694364832318,72.0,144.0,53.24,0,0,1,216.0,0.3333333333333333,0.0,0,0.0
4,3,1942.063806,96.0,120.0,106.48,0,0,1,216.0,0.4444444444444444,0.0,0,0.0
5,3,2062.058050189936,96.0,120.0,106.48,0,0,3,216.0,0.4444444444444444,0.0,0,0.0
6,3,1595.918173189936,120.0,96.0,106.48,0,0,3,216.0,0.5555555555555556,0.0,0,0.0
7,3,1450.9059397067044,48.0,168.0,106.48,0,0,1,216.0,0.2222222222222222,0.0,0,0.0
1,4,2406.789997,48.0,168.0,0.0,0,0,0,216.0,0.2222222222222222,0.0,0,0.0
2,4,3340.281942,72.0,144.0,106.48,0,0,0,216.0,0.3333333333333333,0.0,0,0.0
3,4,2544.4332590000004,72.0,144.0,53.24,0,0,0,216.0,0.3333333333333333,0.0,0,0.0
4,4,2386.6619193375514,92.51795955088463,123.48204044911537,106.48,0,0,0,216.0,0.42832388680965106,3.482040449115381,1,0.0
5,4,2879.865938,96.0,120.0,106.48,0,0,0,216.0,0.4444444444444444,0.0,0,0.0
6,4,2331.052812337551,120.0,96.0,106.48,0,0,1,216.0,0.5555555555555556,0.0,0,0.0
7,4,1604.378643,48.0,168.0,106.48,1,0,0,216.0,0.2222222222222222,0.0,0,0.0
1,5,1684.7529978999996,48.0,168.0,0.0,0,0,0,216.0,0.2222222222222222,0.0,0,0.6
2,5,3340.281942,72.0,144.0,106.48,0,0,0,216.0,0.3333333333333333,0.0,0,0.0
3,5,2544.4332590000004,72.0,144.0,53.24,0,0,0,216.0,0.3333333333333333,0.0,0,0.0
4,5,2206.2429636837014,96.0,120.0,106.48,0,0,0,216.0,0.4444444444444444,0.0,0,0.0
5,5,2157.8289388999997,96.0,120.0,106.48,0,0,1,216.0,0.4444444444444444,0.0,0,0.0
6,5,1514.4811961572652,109.35278618022414,106.64721381977586,106.48,0,0,2,216.0,0.5062628989825192,10.647213819775855,2,0.0
7,5,1145.4338482162982,48.0,168.0,106.48,0,0,1,216.0,0.2222222222222222,0.0,0,0.0
1,6,2406.789997,48.0,168.0,0.0,0,0,0,216.0,0.2222222222222222,0.0,0,0.0
2,6,3340.281942,72.0,144.0,106.48,0,0,0,216.0,0.3333333333333333,0.0,0,0.0
3,6,1781.1032813000002,72.0,144.0,53.24,0,0,0,216.0,0.3333333333333333,0.0,0,0.8999999999999999
4,6,2308.3746433,96.0,120.0,106.48,0,0,2,216.0,0.4444444444444444,0.0,0,0.0
5,6,2378.789540451464,92.42402779115488,123.57597220884512,106.48,0,0,2,216.0,0.427889017551643,3.5759722088451147,1,0.0
6,6,1969.5336430999998,120.0,96.0,106.48,0,0,2,216.0,0.5555555555555556,0.0,0,0.0
7,6,1342.9981309999998,48.0,168.0,106.48,0,0,1,216.0,0.2222222222222222,0.0,0,0.0
1,7,2406.789997,48.0,168.0,0.0,0,0,0,216.0,0.2222222222222222,0.0,0,0.0
2,7,2338.1973594,72.0,144.0,106.48,0,0,0,216.0,0.3333333333333333,0.0,0,0.8999999999999999
3,7,2338.1973594,69.71830620063926,146.28169379936074,53.24,0,0,2,216.0,0.3227699361140707,2.2816937993607413,1,0.0
4,7,1942.063806,92.7183226520824,123.2816773479176,106.48,0,0,1,216.0,0.4292514937596408,3.281677347917596,1,0.0
5,7,2277.4921114999997,96.0,120.0,106.48,0,0,2,216.0,0.4444444444444444,0.0,0,0.0
6,7,1542.7749135,117.34453946350892,98.65546053649108,106.48,0,0,3,216.0,0.5432617567755043,2.655460536491076,1,0.0
7,7,1204.6678868999998,48.0,168.0,106.48,0,0,1,216.0,0.2222222222222222,0.0,0,0.0
1,8,2406.789997,48.0,168.0,0.0,0,0,0,216.0,0.2222222222222222,0.0,0,0.0
2,8,3340.281942,72.0,144.0,106.48,0,0,0,216.0,0.3333333333333333,0.0,0,0.0
3,8,2544.4332590000004,72.0,144.0,53.24,0,0,0,216.0,0.3333333333333333,0.0,0,0.0
4,8,2059.7546580544454,96.0,120.0,106.48,0,0,0,216.0,0.4444444444444444,0.0,0,0.0
5,8,2802.309110054597,96.0,120.0,106.48,0,0,1,216.0,0.4444444444444444,0.0,0,0.0
6,8,2211.258434,120.0,96.0,106.48,0,0,2,216.0,0.5555555555555556,0.0,0,0.0
7,8,1499.416040278982,44.86058472035974,171.13941527964028,106.48,0,0,0,216.0,0.20768789222388767,3.1394152796402603,1,0.0
1,9,2406.789997,48.0,168.0,0.0,0,0,0,216.0,0.2222222222222222,0.0,0,0.0
2,9,3340.281942,72.0,144.0,106.48,0,0,0,216.0,0.3333333333333333,0.0,0,0.0
3,9,2544.4332590000004,72.0,144.0,53.24,0,0,0,216.0,0.3333333333333333,0.0,0,0.0
4,9,2469.335168,96.0,120.0,106.48,0,0,0,216.0,0.4444444444444444,0.0,0,0.0
5,9,2879.865938,96.0,120.0,106.48,0,0,0,216.0,0.4444444444444444,0.0,0,0.0
6,9,2183.5210835729195,114.10477068037254,101.89522931962746,106.48,0,0,0,216.0,0.5282628272239469,5.895229319627461,1,0.0
7,9,1604.378643,48.0,168.0,106.48,1,0,0,216.0,0.2222222222222222,0.0,0,0.0
1,10,2406.789997,48.0,168.0,0.0,0,0,0,216.0,0.2222222222222222,0.0,0,0.0
2,10,3340.281942,72.0,144.0,106.48,0,0,0,216.0,0.3333333333333333,0.0,0,0.0
3,10,2102.428705575083,72.0,144.0,53.24,0,0,0,216.0,0.3333333333333333,0.0,0,0.0
4,10,2368.3195555750826,96.0,120.0,106.48,0,0,1,216.0,0.4444444444444444,0.0,0,0.0
5,10,2538.876997,96.0,120.0,106.48,0,0,2,216.0,0.4444444444444444,0.0,0,0.0
6,10,1971.7215075750823,120.0,96.0,106.48,0,0,2,216.0,0.5555555555555556,0.0,0,0.0
7,10,1123.0650501,48.0,168.0,106.48,0,0,0,216.0,0.2222222222222222,0.0,0,0.6
1,11,2406.789997,48.0,168.0,0.0,0,0,0,216.0,0.2222222222222222,0.0,0,0.0
2,11,3340.281942,72.0,144.0,106.48,0,0,0,216.0,0.3333333333333333,0.0,0,0.0
3,11,2544.4332590000004,72.0,144.0,53.24,0,0,0,216.0,0.3333333333333333,0.0,0,0.0
4,11,2469.335168,96.0,120.0,106.48,0,0,0,216.0,0.4444444444444444,0.0,0,0.0
5,11,2438.964156321742,92.72188750969208,123.27811249030792,106.48,0,0,0,216.0,0.4292679977300559,3.278112490307917,1,0.0
6,11,1684.205507044798,120.0,96.0,106.48,1,0,0,216.0,0.5555555555555556,0.0,0,0.0
7,11,874.8580890447981,48.0,168.0,106.48,0,0,1,216.0,0.2222222222222222,0.0,0,0.0
1,12,2406.789997,48.0,168.0,0.0,0,0,0,216.0,0.2222222222222222,0.0,0,0.0
2,12,3340.281942,72.0,144.0,106.48,0,0,0,216.0,0.3333333333333333,0.0,0,0.0
3,12,2544.4332590000004,72.0,144.0,53.24,0,0,0,216.0,0.3333333333333333,0.0,0,0.0
4,12,2469.335168,96.0,120.0,106.48,0,0,0,216.0,0.4444444444444444,0.0,0,0.0
5,12,2879.865938,96.0,120.0,106.48,0,0,0,216.0,0.4444444444444444,0.0,0,0.0
6,12,2413.7260609999994,120.0,96.0,106.48,1,0,0,216.0,0.5555555555555556,0.0,0,0.0
7,12,1604.378643,48.0,168.0,106.48,1,0,0,216.0,0.2222222222222222,0.0,0,0.0
1,13,2406.789997,48.0,168.0,0.0,0,0,0,216.0,0.2222222222222222,0.0,0,0.0
2,13,3340.281942,72.0,144.0,106.48,0,0,0,216.0,0.3333333333333333,0.0,0,0.0
3,13,2544.4332590000004,72.0,144.0,53.24,0,0,0,216.0,0.3333333333333333,0.0,0,0.0
4,13,2469.335168,96.0,120.0,106.48,0,0,0,216.0,0.4444444444444444,0.0,0,0.0
5,13,2879.865938,96.0,120.0,106.48,0,0,0,216.0,0.4444444444444444,0.0,0,0.0
6,13,2413.7260609999994,120.0,96.0,106.48,1,0,0,216.0,0.5555555555555556,0.0,0,0.0
7,13,1604.378643,48.0,168.0,106.48,1,0,0,216.0,0.2222222222222222,0.0,0,0.0
1,14,2406.789997,48.0,168.0,0.0,0,0,0,216.0,0.2222222222222222,0.0,0,0.0
2,14,3340.281942,72.0,144.0,106.48,0,0,0,216.0,0.3333333333333333,0.0,0,0.0
3,14,2544.4332590000004,72.0,144.0,53.24,0,0,0,216.0,0.3333333333333333,0.0,0,0.0
4,14,1728.5346175999998,96.0,120.0,106.48,0,0,0,216.0,0.4444444444444444,0.0,0,1.2
5,14,2015.9061565999998,96.0,120.0,106.48,0,0,0,216.0,0.4444444444444444,0.0,0,1.2
6,14,1449.48577301385,120.0,96.0,106.48,0,0,2,216.0,0.5555555555555556,0.0,0,0.0
7,14,1123.0650501,48.0,168.0,106.48,0,0,0,216.0,0.2222222222222222,0.0,0,0.6
1,15,1684.7529978999996,48.0,168.0,0.0,0,0,0,216.0,0.2222222222222222,0.0,0,0.6
2,15,3340.281942,72.0,144.0,106.48,0,0,0,216.0,0.3333333333333333,0.0,0,0.0
3,15,2544.4332590000004,72.0,144.0,53.24,0,0,0,216.0,0.3333333333333333,0.0,0,0.0
4,15,2469.335168,96.0,120.0,106.48,0,0,0,216.0,0.4444444444444444,0.0,0,0.0
5,15,2157.8289388999997,96.0,120.0,106.48,0,0,1,216.0,0.4444444444444444,0.0,0,0.0
6,15,1691.6890618999996,120.0,96.0,106.48,1,0,2,216.0,0.5555555555555556,0.0,0,0.0
7,15,882.3416438999997,43.362876288908424,172.6371237110916,106.48,0,0,1,216.0,0.20075405689309456,4.637123711091573,1,0.0
1,16,2406.789997,48.0,168.0,0.0,0,0,0,216.0,0.2222222222222222,0.0,0,0.0
2,16,3340.281942,72.0,144.0,106.48,0,0,0,216.0,0.3333333333333333,0.0,0,0.0
3,16,2191.0785077559185,72.0,144.0,53.24,0,0,0,216.0,0.3333333333333333,0.0,0,0.0
4,16,1472.1411206669536,96.0,120.0,106.48,0,0,0,216.0,0.4444444444444444,0.0,0,1.2
5,16,2489.696549075744,96.0,120.0,106.48,0,0,2,216.0,0.4444444444444444,0.0,0,0.0
6,16,1671.3808881667276,115.32032844591873,100.67967155408127,106.48,0,0,0,216.0,0.533890409471846,4.679671554081275,1,1.5
7,16,1442.2026099,48.0,168.0,106.48,0,0,1,216.0,0.2222222222222222,0.0,0,0.0
1,17,2406.789997,48.0,168.0,0.0,0,0,0,216.0,0.2222222222222222,0.0,0,0.0
2,17,3340.281942,72.0,144.0,106.48,0,0,0,216.0,0.3333333333333333,0.0,0,0.0
3,17,2544.4332590000004,72.0,144.0,53.24,0,0,0,216.0,0.3333333333333333,0.0,0,0.0
4,17,2469.335168,96.0,120.0,106.48,0,0,0,216.0,0.4444444444444444,0.0,0,0.0
5,17,2648.686640831167,90.83600551998617,125.16399448001383,106.48,0,0,0,216.0,0.4205370625925286,5.1639944800138355,1,0.0
6,17,2182.5467638311666,114.05662751717671,101.94337248282329,106.48,1,0,1,216.0,0.5280399422091514,5.943372482823296,1,0.0
7,17,1373.1993458311667,48.0,168.0,106.48,0,0,1,216.0,0.2222222222222222,0.0,0,0.0
1,18,1505.0488425334431,48.0,168.0,0.0,0,0,0,216.0,0.2222222222222222,0.0,0,0.0
2,18,3191.7896432227244,69.01700129958047,146.98299870041953,106.48,0,0,0,216.0,0.3195231541647244,2.9829987004195306,1,0.0
3,18,2544.4332590000004,72.0,144.0,53.24,0,0,0,216.0,0.3333333333333333,0.0,0,0.0
4,18,2320.8428692227244,96.0,120.0,106.48,0,0,1,216.0,0.4444444444444444,0.0,0,0.0
5,18,1829.6324847561675,96.0,120.0,106.48,0,0,2,216.0,0.4444444444444444,0.0,0,0.0
6,18,1363.4926077561674,120.0,96.0,106.48,0,0,5,216.0,0.5555555555555556,0.0,0,0.0
7,18,702.6374885334432,48.0,168.0,106.48,0,0,1,216.0,0.2222222222222222,0.0,0,0.6
1,19,2219.695604022556,44.32218863126208,171.67781136873793,0.0,0,0,0,216.0,0.20519531773732444,3.677811368737922,1,0.0
2,19,3340.281942,72.0,144.0,106.48,0,0,0,216.0,0.3333333333333333,0.0,0,0.0
3,19,2544.4332590000004,72.0,144.0,53.24,0,0,0,216.0,0.3333333333333333,0.0,0,0.0
4,19,2469.335168,96.0,120.0,106.48,0,0,0,216.0,0.4444444444444444,0.0,0,0.0
5,19,2692.771545022556,96.0,120.0,106.48,0,0,1,216.0,0.4444444444444444,0.0,0,0.0
6,19,2226.6316680225555,120.0,96.0,106.48,1,0,1,216.0,0.5555555555555556,0.0,0,0.0
7,19,1417.284250022556,48.0,168.0,106.48,0,0,1,216.0,0.2222222222222222,0.0,0,0.0
1,20,2406.789997,48.0,168.0,0.0,0,0,0,216.0,0.2222222222222222,0.0,0,0.0
2,20,2338.1973594,72.0,144.0,106.48,0,0,0,216.0,0.3333333333333333,0.0,0,0.8999999999999999
3,20,2338.1973594,72.0,144.0,53.24,0,0,2,216.0,0.3333333333333333,0.0,0,0.0
4,20,1942.063806,96.0,120.0,106.48,0,0,1,216.0,0.4444444444444444,0.0,0,0.0
5,20,2277.4921114999997,96.0,120.0,106.48,0,0,2,216.0,0.4444444444444444,0.0,0,0.0
6,20,1007.2115616974934,120.0,96.0,106.48,0,0,2,216.0,0.5555555555555556,0.0,0,0.0
7,20,669.1045350974933,48.0,168.0,106.48,0,0,2,216.0,0.2222222222222222,0.0,0,0.0
1,21,2406.789997,48.0,168.0,0.0,0,0,0,216.0,0.2222222222222222,0.0,0,0.0
2,21,3340.281942,72.0,144.0,106.48,0,0,0,216.0,0.3333333333333333,0.0,0,0.0
3,21,1991.5806655880667,72.0,144.0,53.24,0,0,0,216.0,0.3333333333333333,0.0,0,0.0
4,21,2177.863086588067,96.0,120.0,106.48,0,0,1,216.0,0.4444444444444444,0.0,0,0.0
5,21,2879.865938,96.0,120.0,106.48,0,0,0,216.0,0.4444444444444444,0.0,0,0.0
6,21,2413.7260609999994,120.0,96.0,106.48,1,0,0,216.0,0.5555555555555556,0.0,0,0.0
7,21,1342.9981309999998,48.0,168.0,106.48,0,0,1,216.0,0.2222222222222222,0.0,0,0.0
1,22,2406.789997,48.0,168.0,0.0,0,0,0,216.0,0.2222222222222222,0.0,0,0.0
2,22,3340.281942,72.0,144.0,106.48,0,0,0,216.0,0.3333333333333333,0.0,0,0.0
3,22,2544.4332590000004,72.0,144.0,53.24,0,0,0,216.0,0.3333333333333333,0.0,0,0.0
4,22,2469.335168,96.0,120.0,106.48,0,0,0,216.0,0.4444444444444444,0.0,0,0.0
5,22,2829.4474823817127,91.94535936712454,124.05464063287546,106.48,0,0,0,216.0,0.425672960032984,4.0546406328754605,1,0.0
6,22,2363.307605381713,120.0,96.0,106.48,0,0,1,216.0,0.5555555555555556,0.0,0,0.0
7,22,1123.0650501,48.0,168.0,106.48,0,0,0,216.0,0.2222222222222222,0.0,0,0.6
1,23,2406.789997,48.0,168.0,0.0,0,0,0,216.0,0.2222222222222222,0.0,0,0.0
2,23,3340.281942,72.0,144.0,106.48,0,0,0,216.0,0.3333333333333333,0.0,0,0.0
3,23,2544.4332590000004,72.0,144.0,53.24,0,0,0,216.0,0.3333333333333333,0.0,0,0.0
4,23,2101.401023019756,96.0,120.0,106.48,0,0,0,216.0,0.4444444444444444,0.0,0,0.0
5,23,2879.865938,96.0,120.0,106.48,0,0,0,216.0,0.4444444444444444,0.0,0,0.0
6,23,2413.7260609999994,120.0,96.0,106.48,1,0,0,216.0,0.5555555555555556,0.0,0,0.0
7,23,1020.9607053666135,43.6348339403916,172.36516605960838,106.48,0,0,0,216.0,0.20201312009440556,4.365166059608402,1,0.6
1,24,2406.789997,48.0,168.0,0.0,0,0,0,216.0,0.2222222222222222,0.0,0,0.0
2,24,3340.281942,72.0,144.0,106.48,0,0,0,216.0,0.3333333333333333,0.0,0,0.0
3,24,2544.4332590000004,72.0,144.0,53.24,0,0,0,216.0,0.3333333333333333,0.0,0,0.0
4,24,1728.5346175999998,96.0,120.0,106.48,0,0,0,216.0,0.4444444444444444,0.0,0,1.2
5,24,2479.659535014266,87.85713030752905,128.14286969247095,106.48,0,0,1,216.0,0.4067459736459678,8.142869692470954,2,0.0
6,24,1940.435081759359,114.10200710117252,101.89799289882748,106.48,0,0,1,216.0,0.5282500328757987,5.897992898827477,1,0.0
7,24,1604.378643,48.0,168.0,106.48,0,0,0,216.0,0.2222222222222222,0.0,0,0.0
1,25,2406.789997,48.0,168.0,0.0,0,0,0,216.0,0.2222222222222222,0.0,0,0.0
2,25,2796.9213548808725,72.0,144.0,106.48,0,0,0,216.0,0.3333333333333333,0.0,0,0.0
3,25,2269.6499928808726,72.0,144.0,53.24,0,0,1,216.0,0.3333333333333333,0.0,0,0.0
4,25,2261.57931055114,96.0,120.0,106.48,0,0,0,216.0,0.4444444444444444,0.0,0,0.0
5,25,2015.9061565999998,96.0,120.0,106.48,0,0,0,216.0,0.4444444444444444,0.0,0,1.2
6,25,1822.8224969999999,120.0,96.0,106.48,0,0,2,216.0,0.5555555555555556,0.0,0,0.0
7,25,946.4476703297324,48.0,168.0,106.48,0,0,1,216.0,0.2222222222222222,0.0,0,0.0
1,26,2406.789997,48.0,168.0,0.0,0,0,0,216.0,0.2222222222222222,0.0,0,0.0
2,26,3340.281942,72.0,144.0,106.48,0,0,0,216.0,0.3333333333333333,0.0,0,0.0
3,26,2544.4332590000004,72.0,144.0,53.24,0,0,0,216.0,0.3333333333333333,0.0,0,0.0
4,26,2469.335168,96.0,120.0,106.48,0,0,0,216.0,0.4444444444444444,0.0,0,0.0
5,26,2879.865938,96.0,120.0,106.48,0,0,0,216.0,0.4444444444444444,0.0,0,0.0
6,26,2196.689853165538,114.44200455547593,101.55799544452407,106.48,0,0,0,216.0,0.5298240951642404,5.557995444524064,1,0.0
7,26,1123.0650501,48.0,168.0,106.48,0,0,0,216.0,0.2222222222222222,0.0,0,0.6
1,27,2171.0361720732353,43.365664979368795,172.6343350206312,0.0,0,0,0,216.0,0.20076696749707776,4.6343350206312035,1,0.0
2,27,3340.281942,72.0,144.0,106.48,0,0,0,216.0,0.3333333333333333,0.0,0,0.0
3,27,2544.4332590000004,72.0,144.0,53.24,0,0,0,216.0,0.3333333333333333,0.0,0,0.0
4,27,2469.335168,96.0,120.0,106.48,0,0,0,216.0,0.4444444444444444,0.0,0,0.0
5,27,2644.1121130732354,96.0,120.0,106.48,0,0,1,216.0,0.4444444444444444,0.0,0,0.0
6,27,2177.9722360732353,120.0,96.0,106.48,1,0,1,216.0,0.5555555555555556,0.0,0,0.0
7,27,1368.6248180732355,48.0,168.0,106.48,0,0,1,216.0,0.2222222222222222,0.0,0,0.0
1,28,1684.7529978999996,48.0,168.0,0.0,0,0,0,216.0,0.2222222222222222,0.0,0,0.6
2,28,2338.1973594,72.0,144.0,106.48,0,0,0,216.0,0.3333333333333333,0.0,0,0.8999999999999999
3,28,2338.1973594,67.30429058242478,148.69570941757522,53.24,0,0,2,216.0,0.31159393788159623,4.695709417575211,1,0.0
4,28,1865.312956142693,92.76739975710532,123.23260024289468,106.48,0,0,1,216.0,0.4294787025791913,3.2326002428946845,1,0.0
5,28,2031.9167183573065,96.0,120.0,106.48,0,0,3,216.0,0.4444444444444444,0.0,0,0.0
6,28,1220.4486704999997,109.7987502389458,106.2012497610542,106.48,0,0,4,216.0,0.5083275474025268,10.201249761054203,2,0.0
7,28,882.3416438999997,48.0,168.0,106.48,0,0,1,216.0,0.2222222222222222,0.0,0,0.0
1,29,2406.789997,48.0,168.0,0.0,0,0,0,216.0,0.2222222222222222,0.0,0,0.0
2,29,3110.197758800713,67.37793659925752,148.6220634007425,106.48,0,0,0,216.0,0.3119348916632293,4.622063400742478,1,0.0
3,29,2544.4332590000004,72.0,144.0,53.24,0,0,0,216.0,0.3333333333333333,0.0,0,0.0
4,29,2239.250984800713,96.0,120.0,106.48,0,0,1,216.0,0.4444444444444444,0.0,0,0.0
5,29,2649.7817548007124,96.0,120.0,106.48,0,0,1,216.0,0.4444444444444444,0.0,0,0.0
6,29,1277.4688460811567,120.0,96.0,106.48,0,0,0,216.0,0.5555555555555556,0.0,0,1.5
7,29,789.3398070811569,43.84118034003693,172.15881965996306,106.48,0,0,1,216.0,0.20296842750017097,4.15881965996307,1,0.0
1,30,2406.789997,48.0,168.0,0.0,0,0,0,216.0,0.2222222222222222,0.0,0,0.0
2,30,3340.281942,72.0,144.0,106.48,0,0,0,216.0,0.3333333333333333,0.0,0,0.0
3,30,2544.4332590000004,72.0,144.0,53.24,0,0,0,216.0,0.3333333333333333,0.0,0,0.0
4,30,2342.8678741139984,90.67343741868414,125.32656258131586,106.48,0,0,0,216.0,0.41978443249390807,5.326562581315857,1,0.0
5,30,2879.865938,96.0,120.0,106.48,0,0,0,216.0,0.4444444444444444,0.0,0,0.0
6,30,2287.258767113998,120.0,96.0,106.48,0,0,1,216.0,0.5555555555555556,0.0,0,0.0
7,30,1244.2924876309864,48.0,168.0,106.48,0,0,0,216.0,0.2222222222222222,0.0,0,0.0
1,31,2406.789997,48.0,168.0,0.0,0,0,0,216.0,0.2222222222222222,0.0,0,0.0
2,31,3340.281942,72.0,144.0,106.48,0,0,0,216.0,0.3333333333333333,0.0,0,0.0
3,31,1781.1032813000002,72.0,144.0,53.24,0,0,0,216.0,0.3333333333333333,0.0,0,0.8999999999999999
4,31,2308.3746433,96.0,120.0,106.48,0,0,2,216.0,0.4444444444444444,0.0,0,0.0
5,31,2538.876997,94.38373229054214,121.61626770945786,106.48,0,0,2,216.0,0.4369617235673247,1.6162677094578584,1,0.0
6,31,1969.5336430999998,120.0,96.0,106.48,0,0,2,216.0,0.5555555555555556,0.0,0,0.0
7,31,1342.9981309999998,48.0,168.0,106.48,0,0,1,216.0,0.2222222222222222,0.0,0,0.0
1,32,2406.789997,48.0,168.0,0.0,0,0,0,216.0,0.2222222222222222,0.0,0,0.0
2,32,3340.281942,72.0,144.0,106.48,0,0,0,216.0,0.3333333333333333,0.0,0,0.0
3,32,2544.4332590000004,72.0,144.0,53.24,0,0,0,216.0,0.3333333333333333,0.0,0,0.0
4,32,2469.335168,96.0,120.0,106.48,0,0,0,216.0,0.4444444444444444,0.0,0,0.0
5,32,2879.865938,96.0,120.0,106.48,0,0,0,216.0,0.4444444444444444,0.0,0,0.0
6,32,2081.680179032698,120.0,96.0,106.48,1,0,0,216.0,0.5555555555555556,0.0,0,0.0
7,32,1272.3327610326978,48.0,168.0,106.48,0,0,1,216.0,0.2222222222222222,0.0,0,0.0
1,33,2287.268550703937,45.58111501887889,170.4188849811211,0.0,0,0,0,216.0,0.21102368064295782,2.418884981121111,1,0.0
2,33,3340.281942,72.0,144.0,106.48,0,0,0,216.0,0.3333333333333333,0.0,0,0.0
3,33,2544.4332590000004,72.0,144.0,53.24,0,0,0,216.0,0.3333333333333333,0.0,0,0.0
4,33,2469.335168,96.0,120.0,106.48,0,0,0,216.0,0.4444444444444444,0.0,0,0.0
5,33,2760.344491703937,96.0,120.0,106.48,0,0,1,216.0,0.4444444444444444,0.0,0,0.0
6,33,1362.597238569922,114.770852718085,101.229147281915,106.48,0,0,0,216.0,0.5313465403615046,5.229147281915007,1,1.5
7,33,1088.0856790751336,48.0,168.0,106.48,0,0,0,216.0,0.2222222222222222,0.0,0,0.0
1,34,2406.789997,48.0,168.0,0.0,0,0,0,216.0,0.2222222222222222,0.0,0,0.0
2,34,3340.281942,72.0,144.0,106.48,0,0,0,216.0,0.3333333333333333,0.0,0,0.0
3,34,2413.3243203111797,66.08415381034376,149.91584618965624,53.24,0,0,0,216.0,0.30594515652936927,5.9158461896562295,1,0.0
4,34,2120.1591793166403,96.0,120.0,106.48,0,0,0,216.0,0.4444444444444444,0.0,0,0.0
5,34,2879.865938,96.0,120.0,106.48,0,0,0,216.0,0.4444444444444444,0.0,0,0.0
6,34,1809.688361708065,115.69980843440884,100.30019156559116,106.48,0,0,0,216.0,0.5356472612704113,4.300191565591166,1,0.0
7,34,1568.6948500601588,46.93211226654385,169.06788773345616,106.48,0,0,0,216.0,0.2172782975302956,1.0678877334561552,1,0.0
1,35,2406.789997,48.0,168.0,0.0,0,0,0,216.0,0.2222222222222222,0.0,0,0.0
2,35,3340.281942,72.0,144.0,106.48,0,0,0,216.0,0.3333333333333333,0.0,0,0.0
3,35,2544.4332590000004,72.0,144.0,53.24,0,0,0,216.0,0.3333333333333333,0.0,0,0.0
4,35,2469.335168,96.0,120.0,106.48,0,0,0,216.0,0.4444444444444444,0.0,0,0.0
5,35,2879.865938,96.0,120.0,106.48,0,0,0,216.0,0.4444444444444444,0.0,0,0.0
6,35,2413.7260609999994,120.0,96.0,106.48,1,0,0,216.0,0.5555555555555556,0.0,0,0.0
7,35,1604.378643,48.0,168.0,106.48,1,0,0,216.0,0.2222222222222222,0.0,0,0.0
1,36,2406.789997,48.0,168.0,0.0,0,0,0,216.0,0.2222222222222222,0.0,0,0.0
2,36,3340.281942,72.0,144.0,106.48,0,0,0,216.0,0.3333333333333333,0.0,0,0.0
3,36,2544.4332590000004,72.0,144.0,53.24,0,0,0,216.0,0.3333333333333333,0.0,0,0.0
4,36,2469.335168,96.0,120.0,106.48,0,0,0,216.0,0.4444444444444444,0.0,0,0.0
5,36,2879.865938,96.0,120.0,106.48,0,0,0,216.0,0.4444444444444444,0.0,0,0.0
6,36,2413.7260609999994,120.0,96.0,106.48,1,0,0,216.0,0.5555555555555556,0.0,0,0.0
7,36,1604.378643,48.0,168.0,106.48,1,0,0,216.0,0.2222222222222222,0.0,0,0.0
1,37,2406.789997,48.0,168.0,0.0,0,0,0,216.0,0.2222222222222222,0.0,0,0.0
2,37,3340.281942,72.0,144.0,106.48,0,0,0,216.0,0.3333333333333333,0.0,0,0.0
3,37,2429.5844196168546,66.8178356438091,149.1821643561909,53.24,0,0,0,216.0,0.3093418316843014,5.182164356190892,1,0.0
4,37,2469.335168,96.0,120.0,106.48,0,0,0,216.0,0.4444444444444444,0.0,0,0.0
5,37,2879.865938,96.0,120.0,106.48,0,0,0,216.0,0.4444444444444444,0.0,0,0.0
6,37,2413.7260609999994,120.0,96.0,106.48,1,0,0,216.0,0.5555555555555556,0.0,0,0.0
7,37,1376.3607334237622,41.180019446946034,174.81998055305397,106.48,0,0,0,216.0,0.1906482381803057,6.81998055305397,1,0.0
1,38,2406.789997,48.0,168.0,0.0,0,0,0,216.0,0.2222222222222222,0.0,0,0.0
2,38,3340.281942,72.0,144.0,106.48,0,0,0,216.0,0.3333333333333333,0.0,0,0.0
3,38,2544.4332590000004,72.0,144.0,53.24,0,0,0,216.0,0.3333333333333333,0.0,0,0.0
4,38,2469.335168,96.0,120.0,106.48,0,0,0,216.0,0.4444444444444444,0.0,0,0.0
5,38,2879.865938,96.0,120.0,106.48,0,0,0,216.0,0.4444444444444444,0.0,0,0.0
6,38,2278.2372878913466,113.88652863678189,102.11347136321811,106.48,1,0,0,216.0,0.5272524473925088,6.113471363218107,1,0.0
7,38,1468.8898698913467,48.0,168.0,106.48,0,0,1,216.0,0.2222222222222222,0.0,0,0.0
1,39,2406.789997,48.0,168.0,0.0,0,0,0,216.0,0.2222222222222222,0.0,0,0.0
2,39,3043.5469838663475,66.65490566376505,149.34509433623495,106.48,0,0,0,216.0,0.3085875262211345,5.3450943362349435,1,0.0
3,39,2516.275621866348,72.0,144.0,53.24,0,0,1,216.0,0.3333333333333333,0.0,0,0.0
4,39,2469.335168,96.0,120.0,106.48,0,0,0,216.0,0.4444444444444444,0.0,0,0.0
5,39,2782.3434945714625,91.89253962788841,124.10746037211159,106.48,0,0,0,216.0,0.4254284242031871,4.107460372111592,1,0.0
6,39,2047.6262965714623,116.55564245483917,99.44435754516083,106.48,0,0,2,216.0,0.5396094558094406,3.4443575451608246,1,0.0
7,39,1307.6436848663475,48.0,168.0,106.48,0,0,1,216.0,0.2222222222222222,0.0,0,0.0
1,40,2140.5428148680617,42.61166736110711,173.3883326388929,0.0,0,0,0,216.0,0.1972762377829033,5.3883326388928925,1,0.0
2,40,3340.281942,72.0,144.0,106.48,0,0,0,216.0,0.3333333333333333,0.0,0,0.0
3,40,2544.4332590000004,72.0,144.0,53.24,0,0,0,216.0,0.3333333333333333,0.0,0,0.0
4,40,2469.335168,96.0,120.0,106.48,0,0,0,216.0,0.4444444444444444,0.0,0,0.0
5,40,2613.6187558680613,96.0,120.0,106.48,0,0,1,216.0,0.4444444444444444,0.0,0,0.0
6,40,2147.4788788680617,120.0,96.0,106.48,1,0,1,216.0,0.5555555555555556,0.0,0,0.0
7,40,1338.1314608680618,48.0,168.0,106.48,0,0,1,216.0,0.2222222222222222,0.0,0,0.0
1,41,2406.789997,48.0,168.0,0.0,0,0,0,216.0,0.2222222222222222,0.0,0,0.0
2,41,3340.281942,72.0,144.0,106.48,0,0,0,216.0,0.3333333333333333,0.0,0,0.0
3,41,2386.4144087831332,64.8699353202146,151.1300646797854,53.24,0,0,0,216.0,0.3003237746306231,7.1300646797854075,1,0.0
4,41,2287.469432403397,90.56042386170114,125.43957613829886,106.48,0,0,0,216.0,0.41926122158194973,5.43957613829886,1,0.0
5,41,2015.9061565999998,96.0,120.0,106.48,0,0,0,216.0,0.4444444444444444,0.0,0,1.2
6,41,2249.4186682168665,120.0,96.0,106.48,0,0,1,216.0,0.5555555555555556,0.0,0,0.0
7,41,1463.9181355966032,48.0,168.0,106.48,0,0,1,216.0,0.2222222222222222,0.0,0,0.0
1,42,1754.7656519269242,48.0,168.0,0.0,0,0,0,216.0,0.2222222222222222,0.0,0,0.0
2,42,2418.6556552373677,72.0,144.0,106.48,0,0,0,216.0,0.3333333333333333,0.0,0,0.0
3,42,2150.078334237368,72.0,144.0,53.24,0,0,1,216.0,0.3333333333333333,0.0,0,0.0
4,42,1359.4446641999998,96.0,120.0,106.48,0,0,1,216.0,0.4444444444444444,0.0,0,1.2
5,42,1508.6829331642919,96.0,120.0,106.48,0,0,4,216.0,0.4444444444444444,0.0,0,0.0
6,42,979.5035377642919,120.0,96.0,106.48,0,0,4,216.0,0.5555555555555556,0.0,0,0.0
7,42,1123.0650501,48.0,168.0,106.48,0,0,0,216.0,0.2222222222222222,0.0,0,0.6
1,43,2406.789997,48.0,168.0,0.0,0,0,0,216.0,0.2222222222222222,0.0,0,0.0
2,43,3340.281942,72.0,144.0,106.48,0,0,0,216.0,0.3333333333333333,0.0,0,0.0
3,43,2544.4332590000004,72.0,144.0,53.24,0,0,0,216.0,0.3333333333333333,0.0,0,0.0
4,43,2469.335168,96.0,120.0,106.48,0,0,0,216.0,0.4444444444444444,0.0,0,0.0
5,43,2719.1141993292385,91.88337153442677,124.11662846557323,106.48,0,0,0,216.0,0.4253859793260499,4.11662846557323,1,0.0
6,43,1689.6082426999997,120.0,96.0,106.48,0,0,0,216.0,0.5555555555555556,0.0,0,1.5
7,43,1201.4792036999997,48.0,168.0,106.48,0,0,1,216.0,0.2222222222222222,0.0,0,0.0
1,44,2406.789997,48.0,168.0,0.0,0,0,0,216.0,0.2222222222222222,0.0,0,0.0
2,44,3340.281942,72.0,144.0,106.48,0,0,0,216.0,0.3333333333333333,0.0,0,0.0
3,44,2544.4332590000004,72.0,144.0,53.24,0,0,0,216.0,0.3333333333333333,0.0,0,0.0
4,44,2469.335168,96.0,120.0,106.48,0,0,0,216.0,0.4444444444444444,0.0,0,0.0
5,44,2879.865938,96.0,120.0,106.48,0,0,0,216.0,0.4444444444444444,0.0,0,0.0
6,44,2413.7260609999994,120.0,96.0,106.48,1,0,0,216.0,0.5555555555555556,0.0,0,0.0
7,44,1604.378643,48.0,168.0,106.48,1,0,0,216.0,0.2222222222222222,0.0,0,0.0
1,45,2234.9105801350815,44.52149005134571,171.47850994865428,0.0,0,0,0,216.0,0.20611800949697087,3.478509948654295,1,0.0
2,45,2338.1973594,72.0,144.0,106.48,0,0,0,216.0,0.3333333333333333,0.0,0,0.8999999999999999
3,45,2338.1973594,72.0,144.0,53.24,0,0,2,216.0,0.3333333333333333,0.0,0,0.0
4,45,1815.2820006868592,92.20797573171505,123.79202426828495,106.48,0,0,1,216.0,0.42688877653571783,3.792024268284946,1,0.0
5,45,2277.4921114999997,94.12933889611807,121.87066110388193,106.48,0,0,2,216.0,0.435783976370917,1.8706611038819205,1,0.0
6,45,1542.7749135,112.52854839933754,103.47145160066246,106.48,0,0,3,216.0,0.5209655018487849,7.471451600662461,1,0.0
7,45,1331.4496922131407,48.0,168.0,106.48,0,0,1,216.0,0.2222222222222222,0.0,0,0.0
1,46,2406.789997,48.0,168.0,0.0,0,0,0,216.0,0.2222222222222222,0.0,0,0.0
2,46,3340.281942,72.0,144.0,106.48,0,0,0,216.0,0.3333333333333333,0.0,0,0.0
3,46,2544.4332590000004,72.0,144.0,53.24,0,0,0,216.0,0.3333333333333333,0.0,0,0.0
4,46,2469.335168,96.0,120.0,106.48,0,0,0,216.0,0.4444444444444444,0.0,0,0.0
5,46,2879.865938,96.0,120.0,106.48,0,0,0,216.0,0.4444444444444444,0.0,0,0.0
6,46,2413.7260609999994,120.0,96.0,106.48,1,0,0,216.0,0.5555555555555556,0.0,0,0.0
7,46,1604.378643,48.0,168.0,106.48,1,0,0,216.0,0.2222222222222222,0.0,0,0.0
1,47,2406.789997,48.0,168.0,0.0,0,0,0,216.0,0.2222222222222222,0.0,0,0.0
2,47,3340.281942,72.0,144.0,106.48,0,0,0,216.0,0.3333333333333333,0.0,0,0.0
3,47,1939.3126985083707,67.33846502671867,148.66153497328133,53.24,0,0,0,216.0,0.3117521529014753,4.661534973281337,1,0.0
4,47,2125.5951195083708,96.0,120.0,106.48,0,0,1,216.0,0.4444444444444444,0.0,0,0.0
5,47,2830.1592653141206,92.00260078723821,123.99739921276179,106.48,0,0,0,216.0,0.4259379666075843,3.997399212761799,1,0.0
6,47,2364.019388314121,120.0,96.0,106.48,0,0,1,216.0,0.5555555555555556,0.0,0,0.0
7,47,1342.9981309999998,48.0,168.0,106.48,0,0,1,216.0,0.2222222222222222,0.0,0,0.0
1,48,2406.789997,48.0,168.0,0.0,0,0,0,216.0,0.2222222222222222,0.0,0,0.0
2,48,3340.281942,72.0,144.0,106.48,0,0,0,216.0,0.3333333333333333,0.0,0,0.0
3,48,2081.5106110158245,72.0,144.0,53.24,0,0,0,216.0,0.3333333333333333,0.0,0,0.0
4,48,2267.793032015825,96.0,120.0,106.48,0,0,1,216.0,0.4444444444444444,0.0,0,0.0
5,48,2879.865938,96.0,120.0,106.48,0,0,0,216.0,0.4444444444444444,0.0,0,0.0
6,48,2413.7260609999994,120.0,96.0,106.48,1,0,0,216.0,0.5555555555555556,0.0,0,0.0
7,48,1342.9981309999998,48.0,168.0,106.48,0,0,1,216.0,0.2222222222222222,0.0,0,0.0
1,49,2406.789997,48.0,168.0,0.0,0,0,0,216.0,0.2222222222222222,0.0,0,0.0
2,49,3340.281942,72.0,144.0,106.48,0,0,0,216.0,0.3333333333333333,0.0,0,0.0
3,49,2544.4332590000004,72.0,144.0,53.24,0,0,0,216.0,0.3333333333333333,0.0,0,0.0
4,49,1305.8349343499212,89.85893870857555,126.14106129142445,106.48,0,0,0,216.0,0.41601360513229424,6.141061291424441,1,1.2
5,49,2638.373810836293,96.0,120.0,106.48,0,0,1,216.0,0.4444444444444444,0.0,0,0.0
6,49,1660.7816271268657,120.0,96.0,106.48,0,0,2,216.0,0.5555555555555556,0.0,0,0.0
7,49,1604.378643,48.0,168.0,106.48,0,0,0,216.0,0.2222222222222222,0.0,0,0.0
