machine_id,block_id,day,shift_id,assigned
M1,B2,5,S1,1
M1,B7,6,S1,1
M2,B7,7,S1,1
M1,B1,8,S1,1
M1,B2,10,S1,1
M2,B1,10,S1,1
M2,B2,11,S1,1
M3,B1,11,S1,1
M3,B1,12,S1,1
M3,B2,13,S1,1
M4,B1,13,S1,1
M3,B2,14,S1,1
M4,B1,14,S1,1
M3,B2,15,S1,1
M4,B2,16,S1,1
M4,B2,20,S1,1
M2,B7,21,S1,1
M3,B7,22,S1,1
M4,B7,23,S1,1
M4,B7,24,S1,1
M1,B8,35,S1,1
M1,B4,43,S1,1
M1,B4,44,S1,1
M2,B4,46,S1,1
M2,B4,47,S1,1
M3,B4,49,S1,1
M3,B4,50,S1,1
M4,B4,51,S1,1
M4,B4,55,S1,1
M1,B6,58,S1,1
M2,B6,59,S1,1
M2,B6,60,S1,1
M3,B6,63,S1,1
M1,B3,64,S1,1
M3,B6,64,S1,1
M2,B3,65,S1,1
M2,B3,66,S1,1
M4,B6,66,S1,1
M3,B3,67,S1,1
M4,B6,67,S1,1
M4,B3,68,S1,1
M4,B3,69,S1,1
M1,B5,97,S1,1
