algorithm,scenario,runs,best_objective,mean_objective,best_run_id,best_started_at,best_config,summary_best,summary_configurations,summary_updated_at,machine_costs_summary,repair_usage_alert
bayes,FHOPS Medium42,8,-37527.687316,-42231.495462,66dd0401d24f4eb78ed973f17891fc6c,2026-10-07T10:34:09+00:00,"iters=120; operators=(block_insertion:0.5009107307930134, coverage_injection:0.9660685285254087, cross_exchange:1.97111957122141)",,,,,
bayes,FHOPS Small21,8,15551.092820,15519.559570,724d7bb9d3694e229e7a4cb741bdfca8,2026-10-07T10:34:31+00:00,"batch_size=3; iters=120; operators=(block_insertion:1.1026295381657825, coverage_injection:1.4389379395711261, cross_exchange:0.8462129202489219)",,,,,
bayes,FHOPS Tiny7,8,4338.516752,4306.460252,45a1664e6c3f43159a7eeb0977bc5872,2026-10-07T10:33:35+00:00,"batch_size=3; iters=120; operators=(block_insertion:1.4448867651404431, coverage_injection:0.6459178277063564, cross_exchange:0.7235773112446282)",,,,,
bayes,synthetic-small,8,-53039.791000,-53039.791000,2e681c3a32814ae2982a871c6ba14621,2026-10-07T10:34:19+00:00,"batch_size=3; iters=120; operators=(block_insertion:1.1026295381657825, coverage_injection:1.4389379395711261, cross_exchange:0.8462129202489219)",-53039.791000,8,2026-10-07T10:34:31+00:00,,
grid,FHOPS Medium42,4,-43081.747316,-45739.599454,94cf980b22ec4e75955d816fdd6f92cf,2026-10-07T10:33:15+00:00,"batch_size=2; iters=120; operators=(block_insertion:0.6, coverage_injection:0.5, cross_exchange:0.6)",,,,,
grid,FHOPS Small21,4,15551.808820,15519.692820,3229d6eeb4cb4841ad78bd227049195f,2026-10-07T10:33:32+00:00,"batch_size=2; iters=120; operators=(block_insertion:0.6, coverage_injection:0.5, cross_exchange:0.6)",,,,,
grid,FHOPS Tiny7,4,4338.516752,4306.460252,678a6cc711944663afa30b0e308175bf,2026-10-07T10:32:59+00:00,"batch_size=4; iters=120; operators=(block_insertion:0.6, coverage_injection:0.5, cross_exchange:0.6)",,,,,
grid,synthetic-small,4,-53039.791000,-53039.791000,6585c4272ea542faaf7ae49ad18b04d1,2026-10-07T10:33:21+00:00,"iters=120; operators=(block_insertion:0.6, coverage_injection:0.5, cross_exchange:0.6)",,,,,
random,FHOPS Medium42,2,-45936.969770,-48395.918543,1c07dcad04084e629937934bfa15f6e4,2026-10-07T10:32:39+00:00,"iters=120; operators=(block_insertion:1.301, coverage_injection:0.843, cross_exchange:0.6)",,,,,
random,FHOPS Small21,2,15551.764820,15551.547820,6bcdf321b8f443cf8b8ee5f48ada5af6,2026-10-07T10:32:55+00:00,"batch_size=4; iters=120; operators=(block_insertion:0.6, coverage_injection:0.5, cross_exchange:0.855)",,,,,
random,FHOPS Tiny7,2,4338.516752,4317.145752,73f95fcb14b4440bb9c758e95ea3c72a,2026-10-07T10:32:38+00:00,"batch_size=3; iters=120; operators=(block_insertion:0.6, coverage_injection:1.352, cross_exchange:0.6)",,,,,
random,synthetic-small,2,-53039.791000,-53039.791000,50f93c650ca949f9baf599230a73357d,2026-10-07T10:32:50+00:00,"batch_size=2; iters=120; operators=(block_insertion:1.332, coverage_injection:0.516, cross_exchange:1.086)",-53039.791000,8,2026-10-07T10:32:57+00:00,,
