scenario,bundle,algorithm,best_objective,mean_objective,mean_runtime,delta_vs_best
baseline:med42,baseline,bayes,22245.743611999987,21013.45867749999,7.397125,-894.0761540000021
baseline:med42,baseline,grid,22297.48334,21218.1819395,7.2307500000000005,-842.3364259999908
baseline:med42,baseline,ils,22427.838298000002,22427.838298000002,38.441,-711.9814679999872
baseline:med42,baseline,random,22317.855281999997,20961.637293999996,8.237,-821.9644839999928
baseline:med42,baseline,tabu,23139.81976599999,23139.81976599999,77.464,0.0
baseline:small21,baseline,bayes,15551.092819999996,15519.559569999994,1.776375,-33.20399999999972
baseline:small21,baseline,grid,15551.808819999997,15519.692819999993,1.76,-32.487999999999374
baseline:small21,baseline,ils,15584.296819999996,15584.296819999996,5.526,0.0
baseline:small21,baseline,random,15551.764819999997,15551.547819999996,1.9575,-32.53199999999924
baseline:small21,baseline,tabu,15583.624819999997,15583.624819999997,18.174,-0.6719999999986612
baseline:tiny7,baseline,bayes,4338.516752,4306.460252000001,0.431625,0.0
baseline:tiny7,baseline,grid,4338.516752,4306.460252000001,0.4145,0.0
baseline:tiny7,baseline,ils,4338.516752,4338.516752,1.354,0.0
baseline:tiny7,baseline,random,4338.516752,4317.145752,0.356,0.0
baseline:tiny7,baseline,tabu,4338.516752,4338.516752,4.874,0.0
synthetic-small,standalone,bayes,-39.791,-39.791,5.0655,0.0
synthetic-small,standalone,grid,-39.791,-39.791,4.6185,0.0
synthetic-small,standalone,ils,-39.791,-39.791,15.033,0.0
synthetic-small,standalone,random,-39.791,-39.791,3.715,0.0
synthetic-small,standalone,tabu,-39.791,-39.791,43.28,0.0
